Firm Name,Category,City,State,Region,Website,Focus/Sector,AUM/Fund Size,Deal Size/Criteria,Priority,Founded,Team Size,Description,Contact Email,Notes
Evercore,Investment Banking,New York,NY,NYC,evercore.com,"Generalist, Healthcare, Retail",N/A,N/A,1,N/A,~1900,"Elite Boutique; HSW, Columbia, Yale, NYU Stern recruiting",,Blackstone advisory; GE Spinoff
Lazard,Investment Banking,New York,NY,NYC,lazard.com,"Restructuring, Healthcare, Consumer",N/A,N/A,1,N/A,~2600,Elite Boutique; First Republic Bank restructuring,,HSW Columbia Princeton recruiting
Moelis & Company,Investment Banking,New York,NY,NYC,moelis.com,Generalist M&A,N/A,N/A,1,N/A,~1100,Elite Boutique; $334M H1 2025 revenue,,HSW Columbia Penn recruiting
PJT Partners,Investment Banking,New York,NY,NYC,pjtpartners.com,"Restructuring, Healthcare",N/A,N/A,1,N/A,~800,Elite Boutique; $90.2M bankruptcy fees H1 2024,,HSW Columbia recruiting
Centerview Partners,Investment Banking,New York,NY,NYC,centerviewpartners.com,"Healthcare, Services",N/A,N/A,1,N/A,~60 partners,Elite Boutique; $711M H1 2025 M&A revenue (#1 boutique),,Highest pay; HSW Princeton recruiting
Perella Weinberg Partners,Investment Banking,New York,NY,NYC,pwpartners.com,"Generalist, Energy",N/A,N/A,1,N/A,~500,Elite Boutique; $142M H1 2025 revenue,,HSW Columbia Wharton recruiting
Greenhill & Co.,Investment Banking,New York,NY,NYC,greenhill.com,"M&A, Restructuring",N/A,N/A,1,N/A,201-500,Elite Boutique; Acquired by Mizuho 2023 ($550M),,Top 15 programs
Qatalyst Partners,Investment Banking,San Francisco,CA,NYC,qatalyst.com,Technology exclusively,N/A,N/A,1,N/A,~100,"Elite Boutique; Ansys/Synopsys $35B, LinkedIn/Microsoft $28B",,HSW Stanford recruiting
Houlihan Lokey,Investment Banking,Los Angeles,CA,NYC,hl.com,"Restructuring (#1 globally), M&A",N/A,N/A,1,N/A,~2600,Middle-Market; $502M H1 2025 revenue,,#1 globally in restructuring advisory
Jefferies,Investment Banking,New York,NY,NYC,jefferies.com,"Generalist, Leveraged Finance",N/A,N/A,1,N/A,~5000,Middle-Market; Transitioning toward EB status,,
William Blair,Investment Banking,Chicago,IL,NYC,williamblair.com,"Sell-side, Technology",N/A,N/A,1,N/A,~1500,Middle-Market; Top H1 2025 performer,,Employee-owned
Piper Sandler,Investment Banking,Minneapolis,MN,NYC,pipersandler.com,"Healthcare, Technology",N/A,$50M-$1B,1,N/A,~1600,Middle-Market; Deals $50M-$1B range,,
Baird,Investment Banking,Milwaukee,WI,NYC,rwbaird.com,Generalist,N/A,N/A,1,N/A,~4700,Middle-Market; Strong PE placement,,
Raymond James,Investment Banking,St. Petersburg,FL,NYC,raymondjames.com,"Technology, M&A",N/A,N/A,1,N/A,~15000,Middle-Market; Q1 2025 advisory revenue +92% YoY,,
Lincoln International,Investment Banking,Chicago,IL,NYC,lincolninternational.com,Generalist,N/A,N/A,1,N/A,~700,Middle-Market; 130+ annual assignments,,
Harris Williams,Investment Banking,Richmond,VA,NYC,harriswilliams.com,Sell-side advisory,N/A,N/A,1,N/A,~400,Middle-Market; Strong PE exit track record,,
Stifel,Investment Banking,St. Louis,MO,NYC,stifel.com,"Generalist, FIG (via KBW)",N/A,N/A,1,N/A,~9000,Middle-Market; Miller Buckfire RX division,,
TD Cowen,Investment Banking,New York,NY,NYC,cowen.com,"Healthcare, Technology",N/A,N/A,1,N/A,~2000,Middle-Market; TD Securities subsidiary since 2023,,
Guggenheim Securities,Investment Banking,New York,NY,NYC,guggenheimsecurities.com,"Restructuring, TMT",N/A,N/A,1,N/A,~2000+,Middle-Market; Verizon $130B Vodafone stake,,Noted for collaborative culture
Oppenheimer,Investment Banking,New York,NY,NYC,oppenheimer.com,Generalist,N/A,N/A,1,N/A,~2900,Middle-Market; $1.25B annual revenue,,
Cantor Fitzgerald,Investment Banking,New York,NY,NYC,cantor.com,Generalist,N/A,N/A,1,N/A,~5000+,Private partnership,,
Solomon Partners,Investment Banking,New York,NY,NYC,solomonpartners.com,"Consumer, Retail, Media, FIG",N/A,N/A,2,N/A,~129,Natixis affiliate,,
MidCap Advisors,Investment Banking,New York,NY,NYC,midcapadvisors.com,Lower middle-market,N/A,$5M-$250M revenue,2,N/A,~20,Companies $5M-$250M revenue,,
LionTree,Investment Banking,New York,NY,NYC,liontree.com,"Media, Tech, Telecom",N/A,N/A,1,N/A,~200,"TMT Specialist; WarnerMedia/Discovery, Amazon/MGM",,
Raine Group,Investment Banking,New York,NY,NYC,raine.com,TMT Merchant Bank,$3.1B+,N/A,1,N/A,~150,TMT Specialist,,
Allen & Company,Investment Banking,New York,NY,NYC,allenco.com,"Media, Tech, Sports",N/A,N/A,1,N/A,~200,Sun Valley Conference host,,Very secretive; relationship-driven
Union Square Advisors,Investment Banking,New York,NY,NYC,usadvisors.com,Technology M&A,N/A,N/A,2,2007,~50,Tech M&A specialist since 2007,,
Leerink Partners,Investment Banking,New York,NY,NYC,leerink.com,"Biopharma, MedTech, HealthTech",N/A,N/A,1,N/A,~400,Healthcare Specialist,,
MTS Health Partners,Investment Banking,New York,NY,NYC,mtspartners.com,"Healthcare Services, MedTech",N/A,N/A,2,N/A,~30,Healthcare Specialist,,
Keefe Bruyette & Woods,Investment Banking,New York,NY,NYC,kbw.com,"Banks, Insurance, Asset Mgmt, Fintech",N/A,N/A,1,N/A,N/A,FIG Specialist; #1 II All-America FIG rankings,,
Financo,Investment Banking,New York,NY,NYC,financo.com,"Retail, Consumer Products",N/A,N/A,2,N/A,N/A,Consumer/Retail Specialist,,
Berkery Noyes,Investment Banking,New York,NY,NYC,berkerynoyes.com,"Healthcare, Education, Software, Media",N/A,N/A,2,N/A,N/A,Consumer/Media Specialist,,
JEGI Clarity,Investment Banking,New York,NY,NYC,jegi.com,"Media, Marketing, Tech",N/A,N/A,2,N/A,N/A,Media/Tech Specialist,,
Tudor Pickering Holt,Investment Banking,New York,NY,NYC,tph.com,"Oil & Gas, Energy",N/A,N/A,2,N/A,N/A,Energy Specialist,,
Alvarez & Marsal,Restructuring,New York,NY,NYC,alvarezandmarsal.com,Restructuring,N/A,N/A,1,N/A,~7000+,Big 3 RX; Lehman Brothers CRO,,
AlixPartners,Restructuring,New York,NY,NYC,alixpartners.com,Restructuring,N/A,N/A,1,N/A,~4500,Big 3 RX; Hertz restructuring,,
FTI Consulting,Restructuring,New York,NY,NYC,fticonsulting.com,Restructuring,N/A,N/A,1,N/A,~7900,Big 3 RX; creditor-heavy NYC,,
Huron Consulting,Restructuring,New York,NY,NYC,huronconsultinggroup.com,Restructuring,N/A,N/A,2,N/A,~5600,Healthcare restructuring specialist,,
Ankura,Restructuring,New York,NY,NYC,ankura.com,Turnaround and restructuring,N/A,N/A,2,N/A,~1800,,,
Province,Restructuring,New York,NY,NYC,provincefirm.com,Restructuring,$11M bankruptcy fees H1 2024,N/A,2,N/A,~100,,,
TM Capital,Investment Banking,New York,NY,NYC,tmcapital.com,Generalist,N/A,N/A,2,N/A,N/A,Regional Boutique,,
Foros Group,Investment Banking,New York,NY,NYC,forosgroup.com,Generalist,N/A,N/A,2,N/A,N/A,Regional Boutique,,
Edgemont Capital,Investment Banking,New York,NY,NYC,edgemontcapital.com,"Business Services, Tech",N/A,N/A,2,N/A,N/A,Regional Boutique,,
Oberon Securities,Investment Banking,New York,NY,NYC,oberonsecurities.com,Generalist,N/A,N/A,2,N/A,N/A,Regional Boutique,,
Young America Capital,Investment Banking,New York,NY,NYC,youngamericacapital.com,Generalist,N/A,N/A,2,N/A,N/A,Regional Boutique,,
Lazard,Investment Banking,London,UK,London,lazard.com,"M&A, Restructuring",N/A,N/A,1,N/A,3000+ globally,Elite Boutique with London Office,,US MBA Recruiting: Yes active
Rothschild & Co,Investment Banking,London,UK,London,rothschildandco.com,"M&A, Debt Advisory",N/A,N/A,1,N/A,4000+ globally,Elite Boutique with London Office,,US MBA Recruiting: Yes
Evercore,Investment Banking,London,UK,London,evercore.com,"M&A, Restructuring",N/A,N/A,1,N/A,2400+ globally,Elite Boutique; acquired Robey Warshaw 2025,,US MBA Recruiting: Yes active
Moelis & Company,Investment Banking,London,UK,London,moelis.com,"M&A, Restructuring",N/A,N/A,1,N/A,1000+,Elite Boutique with London Office,,US MBA Recruiting: Yes
PJT Partners,Investment Banking,London,UK,London,pjtpartners.com,"Restructuring, Advisory",N/A,N/A,1,N/A,1100+,Elite Boutique with London Office,,US MBA Recruiting: Yes
Perella Weinberg,Investment Banking,London,UK,London,pwpartners.com,"M&A, Restructuring",N/A,N/A,1,N/A,600+,Elite Boutique with London Office,,US MBA Recruiting: Yes
Centerview Partners,Investment Banking,London,UK,London,centerviewpartners.com,"M&A, Restructuring",N/A,N/A,1,N/A,500+,Elite Boutique with London Office,,US MBA Recruiting: Yes highly selective
Houlihan Lokey,Investment Banking,London,UK,London,hl.com,"Restructuring (#1), M&A",N/A,N/A,1,N/A,2600+,Elite Boutique with London Office,,US MBA Recruiting: Yes
Robey Warshaw,Investment Banking,London,UK,London,robeywarshaw.com,Large-cap UK M&A,N/A,N/A,1,N/A,~20,"UK Elite Boutique; HSBC SVB UK rescue, Chelsea FC sale",,Acquired by Evercore
Gleacher Shacklock,Investment Banking,London,UK,London,gleachershacklock.com,"M&A, Restructuring, Debt",N/A,N/A,1,N/A,~50,"UK Elite Boutique; JustEat, major UK restructurings",,
Zaoui & Co,Investment Banking,London,UK,London,zaoui.com,Large-cap M&A,N/A,N/A,1,N/A,~20,UK Elite Boutique; Major FTSE deals,,
Peel Hunt,Investment Banking,London,UK,London,peelhunt.com,"ECM, M&A",N/A,N/A,1,N/A,300+,UK Mid-Market Broker,,
Investec,Investment Banking,London,UK,London,investec.com,"Healthcare, M&A, Debt",N/A,N/A,1,N/A,500+ (UK IB),UK Mid-Market Broker,,
Liberum,Investment Banking,London,UK,London,liberum.com,"Equities, Research, ECM",N/A,N/A,2,N/A,130+,UK Mid-Market Broker,,
Shore Capital,Investment Banking,London,UK,London,shorecap.co.uk,"Consumer, Leisure, Retail",N/A,N/A,2,N/A,100+,UK Mid-Market Broker,,
Singer Capital Markets,Investment Banking,London,UK,London,singercm.com,"Growth companies, AIM",N/A,N/A,2,N/A,100+,UK Mid-Market Broker,,
Panmure Liberum,Investment Banking,London,UK,London,panmureliberum.com,"Technology, Healthcare",N/A,N/A,2,N/A,200+,UK Mid-Market Broker,,
Stifel Nicolaus Europe,Investment Banking,London,UK,London,stifel.com,"Healthcare, Real Estate, Tech",N/A,N/A,2,N/A,200+ (UK),UK Mid-Market Broker,,
Canaccord Genuity,Investment Banking,London,UK,London,canaccordgenuity.com,"Technology, Healthcare, Mining",N/A,N/A,1,N/A,300+ (UK),UK Mid-Market Broker,,
WH Ireland,Investment Banking,London,UK,London,whirelandplc.com,Small-cap equities,N/A,N/A,2,N/A,100+,UK Mid-Market Broker,,
Berenberg,Investment Banking,London,UK,London,berenberg.de,"Equities, ECM",N/A,N/A,2,N/A,200+ (UK),European Boutique with London Office,,HQ Hamburg
DC Advisory,Investment Banking,London,UK,London,dcadvisory.com,"Cross-border M&A, Debt",N/A,N/A,1,N/A,"700+ globally, 150+ London",European Boutique with London Office,,US MBA Recruiting: Yes
Lincoln International,Investment Banking,London,UK,London,lincolninternational.com,"Healthcare, Consumer, Industrials",N/A,N/A,1,N/A,1000+ globally,European Boutique with London Office,,US MBA Recruiting: Yes
Alantra,Investment Banking,London,UK,London,alantra.com,"FIG, Technology, Debt",N/A,N/A,1,N/A,"500+, 180+ London",European Boutique with London Office,,US MBA Recruiting: Yes
Oaklins UK,Investment Banking,London,UK,London,oaklins.com/gb,Multi-sector cross-border,N/A,N/A,2,N/A,850+ globally,European Boutique with London Office,,
Livingstone Partners,Investment Banking,London,UK,London,livingstonepartners.com,"Business Services, Consumer",N/A,N/A,2,N/A,80+,European Boutique with London Office,,US MBA Recruiting: Yes
Clipperton,Investment Banking,Paris,France,London,clipperton.net,"Technology, VC-backed M&A",N/A,N/A,2,N/A,50+,European Boutique with London Office,,
Vermilion Partners,Investment Banking,London,UK,London,vermilionpartners.com,Cross-border China M&A,N/A,N/A,2,N/A,50+,European Boutique with London Office,,
Arma Partners,Investment Banking,London,UK,London,armapartners.com,"Software, Fintech, Digital Health",N/A,N/A,1,N/A,150,"TMT Specialist; Blackstone-Civica, Hg-Focus",,
GP Bullhound,Investment Banking,London,UK,London,gpbullhound.com,"Digital commerce, Media, Fintech",N/A,N/A,1,N/A,180,"TMT Specialist; Goat-WPP, BRP Systems",,
Drake Star Partners,Investment Banking,London,UK,London,drakestar.com,"SaaS, Digital Media, Industrial Tech",N/A,N/A,2,N/A,100+,TMT Specialist; Envato-Shutterstock,,
Torch Partners,Investment Banking,London,UK,London,torchpartners.com,"Digital Infrastructure, Fintech",N/A,N/A,2,N/A,50,"TMT Specialist; Zoovu-FTV, ERM-KKR",,
Qatalyst Partners,Investment Banking,London,UK,London,qatalyst.com,Technology,N/A,N/A,1,N/A,~11 UK,TMT Specialist; Darktrace-Thoma Bravo,,
JEGI Clarity,Investment Banking,London,UK,London,jegiclarity.com,"Media, Marketing, B2B",N/A,N/A,2,N/A,80,TMT Specialist; e.Republic-Leeds,,
LionTree,Investment Banking,London,UK,London,liontree.com,"Media, Communications",N/A,N/A,1,N/A,140,TMT Specialist; Adevinta-Permira/Blackstone,,
Raine Group,Investment Banking,London,UK,London,raine.com,"TMT, Entertainment, Sports",N/A,N/A,1,N/A,220,TMT Specialist; ARM IPO,,
Acuity Advisors,Investment Banking,London,UK,London,acuity.co.uk,"Semiconductors, Deep Tech, Telecoms",N/A,N/A,2,N/A,30,TMT Specialist; Excalibur-Onecom,,
Fenchurch Advisory,Investment Banking,London,UK,London,fenchurchadvisory.com,Financial Services exclusively,N/A,N/A,1,N/A,"70+ (London, NY, Paris)","FIG Specialist; Standard Life-Phoenix, Numis-Deutsche Bank",,
Aream & Co,Investment Banking,London,UK,London,aream.co,"Gaming, Interactive Entertainment",N/A,N/A,2,N/A,N/A,"Gaming Specialist; Jagex-CVC, Snowprint-MTG",,
Agnitio Capital,Investment Banking,London,UK,London,agnitiocapital.com,"Video Games, Digital Media",N/A,N/A,2,N/A,N/A,Gaming Specialist; AxesinMotion-Media and Games Invest,,
McQueen,Investment Banking,London,UK,London,mcqueen.co,"Consumer, Retail, Leisure exclusively",N/A,N/A,2,N/A,N/A,Consumer/Retail Specialist,,
Raymond James UK,Investment Banking,London,UK,London,londonwall.raymondjames.uk.com,"Consumer, Retail, Financial Services",N/A,N/A,2,N/A,N/A,Consumer/Retail Specialist,,
Alexa Capital,Investment Banking,London,UK,London,alexacapital.com,"Energy Technology, Infrastructure, e-Mobility",N/A,N/A,2,N/A,N/A,Energy/Infrastructure Specialist,,
Adam Street Advisers,Investment Banking,London,UK,London,adamstreetadvisers.com,"Generalist, PE buy-side",N/A,GBP10m-GBP150m,2,N/A,N/A,UK Corporate Finance Boutique,,
Altitude CF,Investment Banking,London,UK,London,altitudecf.com,"Digital economy, Technology",N/A,GBP20m-GBP500m,2,N/A,N/A,UK Corporate Finance Boutique,,
Boxington,Investment Banking,London,UK,London,boxington.com,"B2B Services, Technology",N/A,GBP10m-GBP100m,2,N/A,N/A,UK Corporate Finance Boutique,,
Cardean Bell,Investment Banking,London,UK,London,cardeanbell.com,"Info services, Telecom, Financial Services",N/A,Mid-market,2,N/A,N/A,UK Corporate Finance Boutique,,
Bishopsgate Corporate Finance,Investment Banking,London,UK,London,bishopsgatecf.co.uk,"Generalist, PE deals",N/A,GBP10m-GBP200m,2,N/A,N/A,UK Corporate Finance Boutique,,
MCF Corporate Finance,Investment Banking,London,UK,London,mcfcorpfin.com,Cross-sector M&A,N/A,Mid-market,2,N/A,N/A,UK Corporate Finance Boutique,,
Blackwood Capital,Investment Banking,London,UK,London,blackwoodcapital.com,"Human Capital Services, Tech-enabled Services",N/A,Cross-border,2,N/A,N/A,UK Corporate Finance Boutique,,
Goldenhill International,Investment Banking,London,UK,London,goldenhill.international,Cross-border M&A,N/A,Mid-market,2,N/A,N/A,UK Corporate Finance Boutique,,
Marktlink,Investment Banking,London,UK,London,marktlink.com/uk,SME M&A,N/A,EUR5m-EUR250m,2,N/A,N/A,UK Corporate Finance Boutique,,
Lazard,Investment Banking,Hong Kong,HK,Hong Kong,lazard.com,"Cross-border M&A, Restructuring",N/A,N/A,1,N/A,30-50+,Elite Boutique; Mandarin required,,International Hiring: Yes with Mandarin
Rothschild & Co,Investment Banking,Hong Kong,HK,Hong Kong,rothschildandco.com,"M&A Advisory, Debt Advisory",N/A,N/A,1,N/A,20-40,Elite Boutique; Mandarin highly preferred,,International Hiring: Limited without Mandarin
Moelis & Company,Investment Banking,Hong Kong,HK,Hong Kong,moelis.com,"M&A, Restructuring",N/A,N/A,1,N/A,15-30,Elite Boutique; Mandarin required for China deals,,International Hiring: Possible with Mandarin
Evercore,Investment Banking,Hong Kong,HK,Hong Kong,evercore.com,M&A Advisory,N/A,N/A,1,N/A,20-Oct,Elite Boutique; Mandarin/regional languages,,International Hiring: Limited HK seats
Houlihan Lokey,Investment Banking,Hong Kong,HK,Hong Kong,hl.com,"Restructuring, M&A, Valuation",N/A,N/A,1,N/A,20-30,Elite Boutique; Mandarin preferred; some English-only RX,,International Hiring: Yes for restructuring
CLSA (CITIC CLSA),Investment Banking,Hong Kong,HK,Hong Kong,clsa.com,"Equity Research, Capital Markets, M&A",N/A,N/A,1,N/A,1000+ HK,Asia Regional Powerhouse; Internationalized culture,,
BDA Partners,Investment Banking,Hong Kong,HK,Hong Kong,bdapartners.com,"Sellside M&A, Secondary transactions",N/A,N/A,1,N/A,"120+ bankers, 9 offices",Asia Regional Powerhouse; diverse international team,,International Hiring: Yes
Macquarie Capital Asia,Investment Banking,Hong Kong,HK,Hong Kong,macquarie.com,"Infrastructure, M&A, ECM",N/A,N/A,1,N/A,Large HK presence,Asia Regional Powerhouse; Australia-Asia corridor,,International Hiring: Yes with regional expertise
China Renaissance,Investment Banking,Beijing,China,Hong Kong,chinarenaissance.com,"TMT, Healthcare, AGI",N/A,N/A,1,N/A,400+ globally,Greater China Specialist; New Economy focus,,International Hiring: Very limited
Huatai International,Investment Banking,Hong Kong,HK,Hong Kong,htsc.com.cn,"ECM, M&A, Research",N/A,N/A,2,N/A,Large HK team,Greater China Specialist; Cross-border,,International Hiring: Limited
Guotai Junan International,Investment Banking,Hong Kong,HK,Hong Kong,gtjai.com,"Wealth Management, IB, Trading",N/A,N/A,2,N/A,Large presence,Greater China Specialist,,International Hiring: Very limited
Haitong International,Investment Banking,Hong Kong,HK,Hong Kong,htisec.com,Full-service IB,N/A,N/A,2,N/A,Major HK presence,Greater China Specialist; Global reach,,International Hiring: Very limited
GF Securities (Hong Kong),Investment Banking,Hong Kong,HK,Hong Kong,gfgroup.com.hk,"ECM, DCM, Wealth Management",N/A,N/A,2,N/A,200+ HK,Greater China Specialist; GBA focus,,International Hiring: Very limited
Vermilion Partners,Investment Banking,Beijing,China,Hong Kong,vermilion-partners.com,"M&A, JVs, PE advisory",N/A,N/A,2,N/A,~43 professionals,Greater China Specialist; Cross-border,,International Hiring: Limited
Somerley Capital,Investment Banking,Hong Kong,HK,Hong Kong,somerleycapital.com,"IFA, Takeovers, IPO Sponsorship",N/A,N/A,1,N/A,N/A,HK Local Boutique; Alibaba.com privatization ($2.5B),,International Hiring: Possible
Ivory Capital Asia,Investment Banking,Hong Kong,HK,Hong Kong,ivorycapitalasia.com,"M&A, Strategic Advisory",N/A,N/A,1,N/A,N/A,"HK Local Boutique; Tencent gaming disposal, $8B+ deals",,International Hiring: Possible
Kingston Corporate Finance,Investment Banking,Hong Kong,HK,Hong Kong,kingstongroup.com.hk,"ECM, M&A Advisory, Placements",N/A,N/A,2,N/A,N/A,HK Local Boutique; Top HK placement house 2016,,International Hiring: Very limited
Gram Capital,Investment Banking,Hong Kong,HK,Hong Kong,gramcapital.com,"IFA, Connected Transactions",N/A,N/A,2,N/A,N/A,HK Local Boutique; Top HK M&A advisor by volume,,International Hiring: Very limited
Asian Capital Holding,Investment Banking,Hong Kong,HK,Hong Kong,asiancap.com.hk,Corporate Finance Advisory,N/A,N/A,2,N/A,N/A,HK Local Boutique; HK listed company transactions,,International Hiring: Very limited
Octal Capital,Investment Banking,Hong Kong,HK,Hong Kong,octal.com.hk,"IFA, IPO Advisory",N/A,N/A,2,N/A,N/A,HK Local Boutique; HK GEM/Main Board deals,,International Hiring: Very limited
Optima Capital,Investment Banking,Hong Kong,HK,Hong Kong,optimacapital.com.hk,"IFA, Takeovers",N/A,N/A,2,N/A,N/A,HK Local Boutique; HK listed transactions,,International Hiring: Very limited
Yu Ming Investment,Investment Banking,Hong Kong,HK,Hong Kong,yuming.com.hk,Corporate Finance,N/A,N/A,2,N/A,N/A,HK Local Boutique; Local HK deals,,International Hiring: Very limited
Grand Vinco Capital,Investment Banking,Hong Kong,HK,Hong Kong,grandvinco.com,Corporate Finance Advisory,N/A,N/A,2,N/A,N/A,HK Local Boutique; HK listed company work,,International Hiring: Very limited
Anglo Chinese Group,Investment Banking,Hong Kong,HK,Hong Kong,anglochinese.com,"Corporate Finance, Restructuring",N/A,N/A,2,N/A,N/A,HK Local Boutique; Local HK/China transactions,,International Hiring: Very limited
Sun Hung Kai Financial,Investment Banking,Hong Kong,HK,Hong Kong,shkco.com,"Full-service securities, IB",N/A,N/A,2,N/A,N/A,HK Local Boutique; Local HK market,,International Hiring: Very limited
Jun Hui International Finance,Investment Banking,Hong Kong,HK,Hong Kong,junhui.com.hk,"IPO Sponsorship, M&A",N/A,N/A,2,N/A,N/A,HK Local Boutique; HK and overseas listings,,International Hiring: Possible
SI Partners Global,Investment Banking,Hong Kong,HK,Hong Kong,siglobal.com,Strategic M&A Advisory,N/A,N/A,2,N/A,N/A,Cross-Border M&A Advisory,,International Hiring: Yes
ARC Group,Investment Banking,Hong Kong,HK,Hong Kong,arc-group.com,Asia-Western bridge M&A,N/A,N/A,2,N/A,N/A,Cross-Border M&A Advisory,,International Hiring: Yes
Armor Capital,Investment Banking,Hong Kong,HK,Hong Kong,armor-capital.com,Asia-Europe corridor M&A,N/A,N/A,2,N/A,N/A,Cross-Border M&A Advisory,,International Hiring: Yes diverse team
Foulger Underwood Asia,Investment Banking,Hong Kong,HK,Hong Kong,foulgerunderwood.com,Professional Services M&A,N/A,N/A,2,N/A,N/A,Cross-Border M&A Advisory,,International Hiring: Yes
YCP Group,Investment Banking,Singapore,SG,Hong Kong,ycp.com,"M&A Execution, Strategy",N/A,N/A,2,N/A,N/A,Cross-Border M&A Advisory,,International Hiring: Yes
Evercore,Investment Banking,Singapore,SG,Singapore,evercore.com,"M&A advisory, restructuring",N/A,N/A,1,N/A,N/A,Elite Boutique; English-sufficient; Mandarin helpful,,International Hiring: Actively expanding
Lazard,Investment Banking,Singapore,SG,Singapore,lazard.com,"M&A, restructuring, private capital",N/A,N/A,1,N/A,N/A,Elite Boutique; English-sufficient,,International Hiring: Yes via OCR
Rothschild & Co,Investment Banking,Singapore,SG,Singapore,rothschildandco.com,"M&A advisory, debt advisory",N/A,N/A,1,N/A,N/A,Elite Boutique; English-sufficient,,International Hiring: Yes
Moelis & Company,Investment Banking,Singapore,SG,Singapore,moelis.com,"M&A advisory, restructuring",N/A,N/A,1,N/A,N/A,Elite Boutique; English-sufficient,,International Hiring: Yes
Houlihan Lokey,Investment Banking,Singapore,SG,Singapore,hl.com,"Restructuring (#1), M&A",N/A,N/A,1,N/A,N/A,Elite Boutique; English-sufficient,,International Hiring: Yes
BDA Partners,Investment Banking,Singapore,SG,Singapore,bdapartners.com,"Sellside M&A, secondary transactions",N/A,N/A,1,N/A,120+ bankers,Regional Advisory; Pan-Asia cross-border,,International Hiring: Yes
Jefferies,Investment Banking,Singapore,SG,Singapore,jefferies.com,"M&A, ECM, DCM",N/A,N/A,1,N/A,60+ in Asia,Regional Advisory; Growing significantly,,International Hiring: Yes
Nomura,Investment Banking,Singapore,SG,Singapore,nomuraholdings.com,"M&A, ECM, DCM",N/A,N/A,1,N/A,Large presence,Regional Advisory; Pan-Asia,,English; Japanese helpful
Macquarie Capital,Investment Banking,Singapore,SG,Singapore,macquarie.com,"M&A, infrastructure, energy transition",N/A,N/A,1,N/A,Large presence,Regional Advisory; ANZ Asia-Pacific,,International Hiring: Yes
CIMB Investment Bank,Investment Banking,Singapore,SG,Singapore,cimb.com,"M&A, debt/equity capital markets",N/A,N/A,1,N/A,Market leader,Regional Advisory; All 10 ASEAN countries,,English; Bahasa helpful
Maybank Investment Banking,Investment Banking,Singapore,SG,Singapore,maybank.com,"M&A, sustainability-first IB",N/A,N/A,1,N/A,Regional presence,Regional Advisory; ASEAN-focused,,English
PrimePartners Corporate Finance,Investment Banking,Singapore,SG,Singapore,primepartners.com.sg,"IPO, M&A, Catalist sponsorship",N/A,N/A,1,1994,N/A,Singapore Local Boutique; 60+ SGX listings; Founded 1994,,
SAC Capital,Investment Banking,Singapore,SG,Singapore,saccapital.com.sg,"IPOs, M&A, Catalist sponsorship",N/A,N/A,2,N/A,N/A,Singapore Local Boutique; Alliance with Resona Bank (Japan),,
Novus Corporate Finance,Investment Banking,Singapore,SG,Singapore,novuscf.com,"IPO, M&A, Catalist sponsorship",N/A,N/A,2,N/A,N/A,Singapore Local Boutique; 50+ SGX listings track record,,
Provenance Capital,Investment Banking,Singapore,SG,Singapore,provenancecapital.com.sg,"IPOs, M&A, privatizations, takeovers",N/A,N/A,2,N/A,N/A,Singapore Local Boutique; MAS-licensed,,
ZICO Capital,Investment Banking,Singapore,SG,Singapore,zicoholdings.com,"IPOs, M&A, Catalist sponsorship",N/A,N/A,2,2016,N/A,Singapore Local Boutique; MAS CMS license (2016),,
Stirling Coleman,Investment Banking,Singapore,SG,Singapore,stirlingcoleman.com,"M&A, Mainboard listing",N/A,N/A,2,N/A,N/A,Singapore Local Boutique; 20+ years track record,,
Avista Advisory Partners,Investment Banking,Singapore,SG,Singapore,avistaadvisory.com,Investment banking advisory,N/A,N/A,2,N/A,N/A,"Singapore Local Boutique; Regional: India, Philippines, Vietnam",,
Vantage Capital Partners,Investment Banking,Singapore,SG,Singapore,vcapasia.com,Technology corporate finance,N/A,N/A,2,N/A,N/A,Singapore Local Boutique; Sector specialist,,
North Ridge Partners,Investment Banking,Singapore,SG,Singapore,northridgepartners.com,"Technology M&A, financial strategy",N/A,N/A,2,N/A,N/A,Singapore Local Boutique; GP Bullhound partnership,,
Oaklins Singapore,Investment Banking,Singapore,SG,Singapore,oaklins.com/sg,"M&A, corporate finance, capital raising",N/A,N/A,2,N/A,N/A,Cross-Border M&A; Global network,,
Stenvall Skoeld & Company,Investment Banking,Singapore,SG,Singapore,stenvall-skoeld.com,"Buy-side/sell-side M&A, JV advisory",N/A,N/A,2,N/A,N/A,Cross-Border M&A; ASEAN and China,,
Crossborder Pte Ltd,Investment Banking,Singapore,SG,Singapore,crossborder.asia,"Strategic M&A, JV, restructuring",N/A,N/A,2,N/A,N/A,Cross-Border M&A; ASEAN Asia Pacific,,
Amidas Partners,Investment Banking,Singapore,SG,Singapore,amidaspartners.com,Cross-border M&A for Japanese companies,N/A,N/A,2,N/A,N/A,Cross-Border M&A; Japan-Southeast Asia,,
Yamada Consulting & Spire,Investment Banking,Singapore,SG,Singapore,yamada-spire.com,"M&A advisory, due diligence",N/A,N/A,2,N/A,N/A,Cross-Border M&A; Japan-ASEAN,,
Foulger Underwood Asia,Investment Banking,Singapore,SG,Singapore,foulgerunderwood.com,M&A for trust/corporate service providers,N/A,N/A,2,N/A,N/A,Cross-Border M&A; Asia,,
Deloitte Corporate Finance,Investment Banking,Singapore,SG,Singapore,deloitte.com/sg,"M&A advisory, debt & capital advisory",N/A,N/A,1,N/A,N/A,Big Four Corporate Finance,,International Hiring: Yes
EY-Parthenon,Investment Banking,Singapore,SG,Singapore,ey.com/en_sg,"M&A strategy, due diligence, integration",N/A,N/A,1,N/A,N/A,Big Four Corporate Finance,,International Hiring: Yes
KPMG Corporate Finance,Investment Banking,Singapore,SG,Singapore,corporatefinance.kpmg.com,"M&A, valuation, fairness opinions",N/A,N/A,1,N/A,N/A,Big Four Corporate Finance,,International Hiring: Yes
Grant Thornton Singapore,Investment Banking,Singapore,SG,Singapore,grantthornton.sg,"M&A, PE, capital raising, restructuring",N/A,N/A,2,N/A,N/A,Big Four Corporate Finance,,International Hiring: Yes
CLA Global TS,Investment Banking,Singapore,SG,Singapore,cla-ts.com,M&A advisory,N/A,N/A,2,N/A,N/A,Big Four Corporate Finance,,International Hiring: Regional
GIC,Sovereign Wealth Fund,Singapore,SG,Singapore,gic.com.sg,Diversified global investor,$700B+,N/A,1,N/A,N/A,Singapore SWF; Global reserves manager,,Actively hires from US Ivy League
Temasek,Sovereign Wealth Fund,Singapore,SG,Singapore,temasek.com.sg,"Global Tech, Consumer",$389B (S$),N/A,1,N/A,N/A,Government-owned investment company; direct investor,,Actively hires from US Ivy League
RRJ Capital,Private Equity,Singapore,SG,Singapore,N/A,Pan-Asia PE,$25B,N/A,1,N/A,N/A,Pan-Asia PE; significant AUM,,
Everstone Capital,Private Equity,Singapore,SG,Singapore,everstonecapital.com,India-SEA PE,$7B+,N/A,1,N/A,N/A,Multi-strategy PE; India/SEA specialist,,
Quadria Capital,Private Equity,Singapore,SG,Singapore,quadriacapital.com,Healthcare PE,$3.4B,N/A,1,N/A,N/A,Healthcare PE specialist,,
Navis Capital Partners,Private Equity,Singapore,SG,Singapore,naviscapital.com,Mid-market buyouts,$5B,N/A,1,N/A,N/A,SE Asia mid-market PE,,
Ivory Capital Asia,Private Equity,Singapore,SG,Singapore,ivorycapitalasia.com,Small/mid-cap M&A,$8B+ combined deal value,N/A,2,N/A,N/A,PE Advisory,,
Asia Growth Capital Advisors,Private Equity,Singapore,SG,Singapore,asiagrowthcap.com,PE secondary transactions,N/A,N/A,2,N/A,N/A,"PE Advisory; Clients include CPPIB, HarbourVest",,
Dymon Asia Private Equity,Private Equity,Singapore,SG,Singapore,dymonasiaprivateequity.com,Lower-mid-market PE,N/A,N/A,2,N/A,N/A,"PE; Singapore, Malaysia focus",,
ABC Impact,Private Equity,Singapore,SG,Singapore,abcimpact.com.sg,Impact investing,$600M+ Fund II,N/A,2,N/A,N/A,Impact PE,,
Novo Tellus Capital,Private Equity,Singapore,SG,Singapore,novotellus.com,Industrial technology,N/A,N/A,2,N/A,N/A,PE; SVCA Deal of Year 2025,,
Growtheum Capital Partners,Private Equity,Singapore,SG,Singapore,growtheumcapital.com,Growth equity PE,N/A,N/A,2,N/A,N/A,"Growth PE; SEA, India",,
PAG,Private Equity,Hong Kong,HK,Hong Kong,pag.com,Asia-focused PE/alternatives,$55B,N/A,1,N/A,N/A,Leading Asia PE/alternatives firm,,
CITIC Capital,Private Equity,Hong Kong,HK,Hong Kong,N/A,Chinese alternative asset manager,$15B,N/A,1,N/A,N/A,Chinese alternative asset manager,,
Primavera Capital,Private Equity,Hong Kong,HK,Hong Kong,N/A,China tech and consumer,$20B,N/A,1,N/A,N/A,Invests in China tech and consumer,,
Baring Private Equity Asia,Private Equity,Hong Kong,HK,Hong Kong,N/A,Asia/China PE,N/A,N/A,1,N/A,N/A,Leading Asia/China PE,,
Affinity Equity Partners,Private Equity,Hong Kong,HK,Hong Kong,N/A,Asia PE,N/A,N/A,1,N/A,N/A,Leading Asia PE,,
MBK Partners,Private Equity,Hong Kong,HK,Hong Kong,N/A,Asia PE,N/A,N/A,1,N/A,N/A,Leading Asia PE,,
KKR,Private Equity,Tokyo,Japan,Tokyo,kkr.com,Global PE with Japan focus,N/A,N/A,1,N/A,N/A,Expanding Japan-focused teams; bilinguals essential,,
Bain Capital Japan,Private Equity,Tokyo,Japan,Tokyo,baincapital.com,Japan PE,N/A,N/A,1,N/A,N/A,Deeply entrenched in Japan; bilinguals essential,,
Carlyle Japan,Private Equity,Tokyo,Japan,Tokyo,carlyle.com,Japan PE,N/A,N/A,1,N/A,N/A,Decades in Japan; bilinguals essential,,
Warburg Pincus Japan,Private Equity,Tokyo,Japan,Tokyo,warburgpincus.com,Japan investments,N/A,N/A,1,N/A,N/A,Re-entered/increased Japan investments,,
Hillhouse Capital Japan,Private Equity,Tokyo,Japan,Tokyo,N/A,Japan investments,N/A,N/A,1,N/A,N/A,Re-entered Japan market,,
Advantage Partners,Private Equity,Tokyo,Japan,Tokyo,N/A,Mid-market buyout,N/A,N/A,1,1988,N/A,Pioneer of Japanese PE; founded 1988,,Bilinguals essential
Unison Capital,Private Equity,Tokyo,Japan,Tokyo,N/A,Mid-market PE,N/A,N/A,1,1988,N/A,Local PE pioneer; founded 1988,,
Integral,Private Equity,Tokyo,Japan,Tokyo,N/A,Mid-market PE,N/A,N/A,2,N/A,N/A,Domestic PE; mid-market,,
Polaris,Private Equity,Tokyo,Japan,Tokyo,N/A,Mid-market PE,N/A,N/A,2,N/A,N/A,Domestic PE; industrial/Mittelstand,,
J-Star,Private Equity,Tokyo,Japan,Tokyo,N/A,Mid-market PE,N/A,N/A,2,N/A,N/A,Domestic PE; fiercely competitive,,
SMBC Nikko,Investment Banking,Tokyo,Japan,Tokyo,N/A,M&A,N/A,N/A,1,N/A,N/A,Major local IB for M&A,,
Daiwa Securities,Investment Banking,Tokyo,Japan,Tokyo,N/A,M&A,N/A,N/A,1,N/A,N/A,Major local IB for M&A,,
GCA Corporation,Investment Banking,Tokyo,Japan,Tokyo,N/A,"M&A, financing",N/A,N/A,2,N/A,N/A,Independent advisory,,
JAFCO,Venture Capital,Tokyo,Japan,Tokyo,N/A,VC,N/A,N/A,2,N/A,N/A,Key Japanese VC firm,,
Globis,Venture Capital,Tokyo,Japan,Tokyo,N/A,VC,N/A,N/A,2,N/A,N/A,Key Japanese VC firm,,
SBI Investment,Venture Capital,Tokyo,Japan,Tokyo,N/A,VC,N/A,N/A,2,N/A,N/A,Key Japanese VC firm,,
Halder Beteiligungsberatung,Private Equity,Frankfurt,Germany,Frankfurt,N/A,Mid-market PE (DACH buyouts),~EUR550M,N/A,2,N/A,N/A,"Mid-market PE; Healthcare, Food & Beverage",,
Deutsche Beteiligungs AG,Private Equity,Frankfurt,Germany,Frankfurt,N/A,Mittelstand PE,N/A,N/A,2,N/A,N/A,Listed German PE investor,,
AUCTUS Capital,Private Equity,Frankfurt,Germany,Frankfurt,N/A,Regional buyout,N/A,N/A,2,N/A,N/A,Regional buyout fund,,
Main Capital,Private Equity,Frankfurt,Germany,Frankfurt,N/A,Regional buyout,N/A,N/A,2,N/A,N/A,Regional buyout fund,,
Bayern Kapital,Private Equity,Frankfurt,Germany,Frankfurt,N/A,Regional buyout,N/A,N/A,2,N/A,N/A,Regional buyout fund,,
Ardian,Private Equity,Paris,France,Paris,ardian.com,Global PE,$196B,N/A,1,N/A,N/A,Leading global PE; French champion,,
Eurazeo,Private Equity,Paris,France,Paris,N/A,Diversified investor,~EUR35B,N/A,1,N/A,N/A,French diversified investor,,
PAI Partners,Private Equity,Paris,France,Paris,N/A,Mid/large-cap PE,N/A,N/A,1,N/A,N/A,Major French PE firm,,
Naxicap Partners,Private Equity,Paris,France,Paris,N/A,Mid-cap PE,N/A,N/A,2,N/A,N/A,French mid-cap PE,,
Sagard,Private Equity,Paris,France,Paris,N/A,PE,N/A,N/A,2,N/A,N/A,French PE,,
Tikehau Capital,Private Equity,Paris,France,Paris,N/A,"Infrastructure, PE",N/A,N/A,2,N/A,N/A,Infrastructure and PE investor,,
Partech,Venture Capital,Paris,France,Paris,N/A,"Tech, consumer VC",N/A,N/A,2,N/A,N/A,Top French VC,,
Alven,Venture Capital,Paris,France,Paris,N/A,"Tech, consumer VC",N/A,N/A,2,N/A,N/A,Top French VC,,
Serena Capital,Venture Capital,Paris,France,Paris,N/A,"Tech, consumer VC",N/A,N/A,2,N/A,N/A,Top French VC,,
Rothschild Paris,Investment Banking,Paris,France,Paris,rothschildandco.com,Advisory,N/A,N/A,1,N/A,N/A,Premier advisory boutique,,
Lazard Paris,Investment Banking,Paris,France,Paris,lazard.com,Advisory,N/A,N/A,1,N/A,N/A,Premier advisory boutique,,
Messier Maris,Investment Banking,Paris,France,Paris,N/A,Advisory,N/A,N/A,2,N/A,N/A,Advisory boutique,,
Partners Group,Private Equity,Zug,Switzerland,Zurich,partnersgroup.com,Global private markets,$174B,N/A,1,N/A,N/A,Global private markets firm; Swiss-headquartered,,Recruits internationally
Capvis,Private Equity,Zurich,Switzerland,Zurich,N/A,Mid-market industrials,N/A,N/A,2,N/A,N/A,Swiss PE for mid-market industrials,,
Invision,Private Equity,Zurich,Switzerland,Zurich,N/A,Mid-market PE,N/A,N/A,2,N/A,N/A,Key Swiss mid-market PE,,
Gyrus Capital,Private Equity,Geneva,Switzerland,Zurich,N/A,"Healthcare, sustainability",N/A,N/A,2,N/A,N/A,Operates in English; accessible to expats,,
Brevan Howard,Hedge Fund,Geneva,Switzerland,Zurich,N/A,Global macro,N/A,N/A,1,N/A,N/A,Major macro fund,,
Unigestion,Hedge Fund,Geneva,Switzerland,Zurich,N/A,Multi-asset,N/A,N/A,2,N/A,N/A,Asset manager,,
Mubadala,Sovereign Wealth Fund,Abu Dhabi,UAE,Dubai/Abu Dhabi,mubadala.com,Global diversified,$327B,N/A,1,N/A,N/A,Abu Dhabi SWF; operates like US PE fund,,
ADIA,Sovereign Wealth Fund,Abu Dhabi,UAE,Dubai/Abu Dhabi,adia.ae,Global diversified,$900B+,N/A,1,N/A,N/A,World's largest SWF,,
ADQ,Sovereign Wealth Fund,Abu Dhabi,UAE,Dubai/Abu Dhabi,adq.ae,"Logistics, food, energy",N/A,N/A,1,N/A,N/A,Active in creating national champions,,
Gulf Capital,Private Equity,Dubai,UAE,Dubai/Abu Dhabi,N/A,Pan-GCC PE,N/A,N/A,2,N/A,N/A,Regional PE,,
Investcorp,Private Equity,Dubai,UAE,Dubai/Abu Dhabi,investcorp.com,Global alternatives,N/A,N/A,1,N/A,N/A,Global alternative asset manager with ME presence,,
NBK Capital,Private Equity,Dubai,UAE,Dubai/Abu Dhabi,N/A,Regional investment,N/A,N/A,2,N/A,N/A,Kuwait-based; regional investment firm,,
Waha Capital,Private Equity,Abu Dhabi,UAE,Dubai/Abu Dhabi,N/A,Regional investment,N/A,N/A,2,N/A,N/A,Regional investment firm,,
MEVP,Venture Capital,Dubai,UAE,Dubai/Abu Dhabi,N/A,MENA-focused VC,N/A,N/A,2,N/A,N/A,MENA-focused VC fund,,
Global Ventures,Venture Capital,Dubai,UAE,Dubai/Abu Dhabi,N/A,MENA-focused VC,N/A,N/A,2,N/A,N/A,MENA-focused VC fund,,
Wamda Capital,Venture Capital,Dubai,UAE,Dubai/Abu Dhabi,N/A,MENA-focused VC,N/A,N/A,2,N/A,N/A,MENA-focused VC fund,,
SHUAA Capital,Investment Banking,Dubai,UAE,Dubai/Abu Dhabi,N/A,"Asset management, IB",N/A,N/A,2,N/A,N/A,Local heavyweight in asset management and IB,,
Portobello Capital,Private Equity,Madrid,Spain,Madrid,N/A,Spain-focused PE,N/A,N/A,2,N/A,N/A,Spain-focused PE,,
Magnum Capital Partners,Private Equity,Madrid,Spain,Madrid,N/A,Spain-focused PE,N/A,N/A,2,N/A,N/A,Spain-focused PE,,
Nazca Capital,Private Equity,Madrid,Spain,Madrid,N/A,Spanish middle market,N/A,N/A,2,N/A,N/A,Spanish middle market PE,,
Alantra,Investment Banking,Madrid,Spain,Madrid,alantra.com,Mid-Market Global,N/A,N/A,1,N/A,N/A,Spanish roots but truly global; aggressive US expansion,,
Arcano Partners,Investment Banking,Madrid,Spain,Madrid,N/A,Independent IB/PE,N/A,N/A,2,N/A,N/A,Leading independent Spanish IB/PE,,
Miura Partners,Private Equity,Madrid,Spain,Madrid,N/A,Agribusiness and services,N/A,N/A,2,N/A,N/A,Leading PE; agribusiness consolidation,,
Waterland Private Equity,Private Equity,Amsterdam,Netherlands,Amsterdam,N/A,Pan-European PE (buy-and-build),N/A,N/A,1,N/A,N/A,Major European buyout firm,,Strategy-consultant friendly
PPF Group NV,Private Equity,Amsterdam,Netherlands,Amsterdam,N/A,International investment group,N/A,N/A,2,N/A,N/A,International investor based in Amsterdam,,
Egeria,Private Equity,Amsterdam,Netherlands,Amsterdam,N/A,Evergreen Dutch PE,N/A,N/A,2,N/A,N/A,Evergreen Dutch PE fund,,
Avedon Capital Partners,Private Equity,Amsterdam,Netherlands,Amsterdam,N/A,Dutch mid-market,N/A,N/A,2,N/A,N/A,Dutch mid-market fund,,
Karmijn Kapitaal,Private Equity,Amsterdam,Netherlands,Amsterdam,N/A,Dutch mid-market,N/A,N/A,2,N/A,N/A,Dutch mid-market fund,,
Nordian Capital,Private Equity,Amsterdam,Netherlands,Amsterdam,N/A,Dutch mid-market,N/A,N/A,2,N/A,N/A,Dutch mid-market fund,,
Parcom Capital,Private Equity,Amsterdam,Netherlands,Amsterdam,N/A,Dutch mid-market,N/A,N/A,2,N/A,N/A,Dutch mid-market fund,,
AlpInvest,Private Equity,Amsterdam,Netherlands,Amsterdam,N/A,Fund-of-funds and co-investor,N/A,N/A,1,N/A,N/A,Owned by Carlyle; massive fund-of-funds,,
Main Capital Partners,Private Equity,Amsterdam,Netherlands,Amsterdam,N/A,Enterprise software,N/A,N/A,2,N/A,N/A,Enterprise software PE; tech-focused,,
Optiver,Proprietary Trading,Amsterdam,Netherlands,Amsterdam,optiver.com,Market Making,N/A,N/A,1,N/A,N/A,Prop trading giant; hires US STEM grads,,English-first; meritocratic; highly compensated
Flow Traders,Proprietary Trading,Amsterdam,Netherlands,Amsterdam,flowtraders.com,Market Making,N/A,N/A,1,N/A,N/A,Prop trading firm; hires US STEM grads,,
IMC,Proprietary Trading,Amsterdam,Netherlands,Amsterdam,imc.com,Market Making,N/A,N/A,1,N/A,N/A,Prop trading firm; hires US STEM grads,,
Prime Ventures,Venture Capital,Amsterdam,Netherlands,Amsterdam,N/A,Dutch VC/tech,N/A,N/A,2,N/A,N/A,Active Dutch VC/tech investor,,
INKEF Capital,Venture Capital,Amsterdam,Netherlands,Amsterdam,N/A,Dutch VC/tech,N/A,N/A,2,N/A,N/A,Active Dutch VC/tech investor,,
Quore Capital,Investment Banking,Amsterdam,Netherlands,Amsterdam,N/A,Corp Fin,N/A,N/A,2,N/A,N/A,High-end Dutch advisory; distinct culture,,
Ontario Teachers Pension Plan,Pension Fund,Toronto,Canada,Toronto,otpp.com,Diversified global investor,$266B (US),N/A,1,N/A,N/A,Major Canadian pension fund; direct PE investor,,
CDPQ,Pension Fund,Montreal,Canada,Toronto,cdpq.com,Diversified global investor,$360B (CAD),N/A,1,N/A,N/A,Quebec pension fund; major global investor,,
Brookfield Asset Management,Private Equity,Toronto,Canada,Toronto,brookfield.com,Real Assets,$800B+,N/A,1,N/A,N/A,Global operator; actively hires US MBAs,,
Onex Corporation,Private Equity,Toronto,Canada,Toronto,onex.com,PE,N/A,N/A,1,N/A,N/A,Large Canadian PE firm,,
OMERS Private Equity,Private Equity,Toronto,Canada,Toronto,omers.com,PE,N/A,N/A,1,N/A,N/A,Major Canadian institutional investor,,
CPP Investments,Pension Fund,Toronto,Canada,Toronto,cppinvestments.com,Diversified global investor,N/A,N/A,1,N/A,N/A,Major Canadian institutional investor,,
Northleaf Capital Partners,Private Equity,Toronto,Canada,Toronto,N/A,Private equity/credit/infrastructure,$28B+,N/A,1,N/A,N/A,"Global PE/credit; offices in London, NYC, Tokyo",,Recruits heavily from top IB
Cormark Securities,Investment Banking,Toronto,Canada,Toronto,N/A,"Mining, Energy, Tech",N/A,N/A,1,N/A,N/A,Employee-owned; #1 for research in Canada; $100B+ gross proceeds,,Knowledge-led culture
IBK Capital,Investment Banking,Toronto,Canada,Toronto,N/A,"Mining, Technology",N/A,N/A,2,1989,N/A,Private placements; venture-stage focus; since 1989,,
Morrison Park Advisors,Investment Banking,Toronto,Canada,Toronto,N/A,Complex advisory,N/A,N/A,2,N/A,N/A,Independent boutique; fairness opinions; IMAP partner,,
Fort Capital,Investment Banking,Toronto,Canada,Toronto,N/A,Mid-Market Advisory,N/A,N/A,2,N/A,N/A,"Alliance of senior bankers; Toronto, Calgary, Vancouver",,High-touch; direct mentorship
Canaccord Genuity,Investment Banking,Toronto,Canada,Toronto,canaccordgenuity.com,Global Mid-Market,N/A,N/A,1,N/A,N/A,"Massive global platform; mining, cannabis, crypto",,Entrepreneurial culture
RBC Capital Markets,Investment Banking,Toronto,Canada,Toronto,rbccm.com,Full service,N/A,N/A,1,N/A,N/A,Major Canadian IB,,
BMO Capital Markets,Investment Banking,Toronto,Canada,Toronto,bmocm.com,Full service,N/A,N/A,1,N/A,N/A,Major Canadian IB,,
Barrenjoey,Investment Banking,Sydney,Australia,Sydney,barrenjoey.com.au,Full Service,N/A,N/A,1,N/A,N/A,Disruptor in Aus banking; partnered with Barclays,,Most dynamic firm in Australian finance
Jarden,Investment Banking,Sydney,Australia,Sydney,jarden.co.nz,Full service,N/A,N/A,1,N/A,N/A,NZ-origin bank expanding rapidly in Australia,,
Macquarie Group,Investment Banking,Sydney,Australia,Sydney,macquarie.com,"Infrastructure, renewable energy",N/A,N/A,1,N/A,N/A,Global infrastructure giant; Millionaire's Factory,,World-class infra/renewable teams; global mobility
Pacific Equity Partners,Private Equity,Sydney,Australia,Sydney,N/A,PE,$8B+ (AUD),N/A,1,N/A,N/A,Heavyweight Australian PE; often outbids global funds,,
BGH Capital,Private Equity,Sydney,Australia,Sydney,N/A,PE,N/A,N/A,1,N/A,N/A,Major player; founded by ex-TPG bankers,,
Quadrant Private Equity,Private Equity,Sydney,Australia,Sydney,N/A,PE,N/A,N/A,2,N/A,N/A,Australian PE,,
Archer Capital,Private Equity,Sydney,Australia,Sydney,N/A,PE,N/A,N/A,2,N/A,N/A,Australian PE,,
Anchorage Capital Partners,Private Equity,Sydney,Australia,Sydney,N/A,Turnarounds,N/A,N/A,2,N/A,N/A,Turnaround specialist; deep operational skills,,
AustralianSuper,Pension Fund,Melbourne,Australia,Sydney,N/A,Pension fund,N/A,N/A,1,N/A,N/A,Largest Australian pension fund,,
Future Fund,Sovereign Wealth Fund,Melbourne,Australia,Sydney,N/A,National SWF,$250B (AUD),N/A,1,N/A,N/A,Australian national sovereign wealth fund,,
Avendus Capital,Investment Banking,Mumbai,India,Mumbai,avendus.com,Tech/Digital M&A,N/A,N/A,1,N/A,N/A,Dominant domestic boutique for tech/digital; advises majority of Indian Unicorn fundraises,,US/UK offices
Spark Capital,Investment Banking,Mumbai,India,Mumbai,N/A,Mid-market advisory,N/A,N/A,2,N/A,N/A,Key mid-market advisor,,
o3 Capital,Investment Banking,Mumbai,India,Mumbai,N/A,Mid-market advisory,N/A,N/A,2,N/A,N/A,Key mid-market advisor,,
Kedaara Capital,Private Equity,Mumbai,India,Mumbai,N/A,Domestic PE,N/A,N/A,1,N/A,N/A,Domestic PE giant,,
ChrysCapital,Private Equity,Mumbai,India,Mumbai,N/A,Domestic PE,N/A,N/A,1,N/A,N/A,Domestic PE giant,,
ICICI Venture,Private Equity,Mumbai,India,Mumbai,N/A,PE (ICICI Bank arm),N/A,N/A,1,N/A,N/A,Early Indian PE firm,,
Kotak Private Equity,Private Equity,Mumbai,India,Mumbai,N/A,Domestic PE,N/A,N/A,1,N/A,N/A,Leading domestic PE fund,,
Blackstone India,Private Equity,Mumbai,India,Mumbai,blackstone.com,Global PE with India operations,N/A,N/A,1,N/A,N/A,Major India operations,,
Carlyle India,Private Equity,Mumbai,India,Mumbai,carlyle.com,Global PE with India operations,N/A,N/A,1,N/A,N/A,Major India operations,,
KKR India,Private Equity,Mumbai,India,Mumbai,kkr.com,Global PE with India operations,N/A,N/A,1,N/A,N/A,Major India operations,,
Bain India,Private Equity,Mumbai,India,Mumbai,baincapital.com,Global PE with India operations,N/A,N/A,1,N/A,N/A,Major India operations,,
Sequoia India,Venture Capital,Mumbai,India,Mumbai,N/A,VC,N/A,N/A,1,N/A,N/A,Top Indian VC firm (now Peak XV),,
Accel India,Venture Capital,Mumbai,India,Mumbai,N/A,VC,N/A,N/A,1,N/A,N/A,Top Indian VC firm,,
Matrix Partners India,Venture Capital,Mumbai,India,Mumbai,N/A,VC,N/A,N/A,2,N/A,N/A,Top Indian VC firm,,
Patria Investimentos,Private Equity,Sao Paulo,Brazil,Sao Paulo,N/A,Infra/Real Assets PE,$51B (US),N/A,1,N/A,N/A,Largest Brazilian PE,,
Vinci Partners,Private Equity,Sao Paulo,Brazil,Sao Paulo,N/A,PE/alternatives,N/A,N/A,1,N/A,N/A,Major Brazil-focused PE/alternative manager,,
GP Investments,Private Equity,Sao Paulo,Brazil,Sao Paulo,N/A,PE,N/A,N/A,2,N/A,N/A,Brazil-focused PE,,
Gavea Investimentos,Private Equity,Sao Paulo,Brazil,Sao Paulo,N/A,PE,N/A,N/A,2,N/A,N/A,Founded by former central bankers; prestige name,,
BTG Pactual,Investment Banking,Sao Paulo,Brazil,Sao Paulo,btgpactual.com,Full-service IB,N/A,N/A,1,N/A,N/A,Brazilian IB with global reach,,
Itau BBA,Investment Banking,Sao Paulo,Brazil,Sao Paulo,N/A,IB arm of Itau Unibanco,N/A,N/A,1,N/A,N/A,IB arm of major Brazilian bank,,
Monashees,Venture Capital,Sao Paulo,Brazil,Sao Paulo,N/A,VC,N/A,N/A,1,N/A,N/A,Premier VC; backed most regional unicorns,,
Kaszek Ventures,Venture Capital,Sao Paulo,Brazil,Sao Paulo,N/A,VC,N/A,N/A,1,N/A,N/A,Premier VC; backed most regional unicorns (Nubank),,
83North,Venture Capital,Tel Aviv,Israel,Tel Aviv,N/A,VC/early-stage,N/A,N/A,1,N/A,N/A,Leading Israeli VC,,
Pitango,Venture Capital,Tel Aviv,Israel,Tel Aviv,N/A,VC/early-stage,N/A,N/A,1,N/A,N/A,Leading Israeli VC,,
Glilot Capital,Venture Capital,Tel Aviv,Israel,Tel Aviv,N/A,VC/early-stage,N/A,N/A,1,N/A,N/A,Leading Israeli VC,,
Viola Group,Venture Capital,Tel Aviv,Israel,Tel Aviv,N/A,VC/growth,N/A,N/A,1,N/A,N/A,Leading Israeli VC/growth,,
TLV Partners,Venture Capital,Tel Aviv,Israel,Tel Aviv,N/A,VC,N/A,N/A,2,N/A,N/A,Israeli VC,,
FIMI Opportunity Funds,Private Equity,Tel Aviv,Israel,Tel Aviv,N/A,Industrial turnaround,$1B+,N/A,1,N/A,N/A,KKR of Israel; distress/turnaround specialist,,Prime target for finance professionals
Kedma Capital,Private Equity,Tel Aviv,Israel,Tel Aviv,N/A,"Mid-market growth, buyouts",N/A,N/A,2,N/A,N/A,Significant Israeli PE player,,
GTCR,Private Equity,New York,NY,NYC,gtcr.com,Middle-market PE,N/A,N/A,1,N/A,N/A,Leading middle-market PE,,
Audax Group,Private Equity,New York,NY,NYC,audaxgroup.com,Middle-market PE,N/A,N/A,1,N/A,N/A,Leading middle-market PE,,
American Securities,Private Equity,New York,NY,NYC,american-securities.com,Middle-market PE,N/A,N/A,1,N/A,N/A,Leading middle-market PE,,
Genstar Capital,Private Equity,New York,NY,NYC,genstarcapital.com,Middle-market PE,N/A,N/A,1,N/A,N/A,Leading middle-market PE,,
HGGC,Private Equity,New York,NY,NYC,hggc.com,Middle-market PE,N/A,N/A,1,N/A,N/A,Leading middle-market PE,,
General Atlantic,Private Equity,New York,NY,NYC,generalatlantic.com,Growth equity,N/A,N/A,1,N/A,N/A,Large growth equity firm with NYC office,,
TA Associates,Private Equity,New York,NY,NYC,ta.com,Growth equity,N/A,N/A,1,N/A,N/A,Large growth equity firm with NYC office,,
Summit Partners,Private Equity,New York,NY,NYC,summitpartners.com,Growth equity,N/A,N/A,1,N/A,N/A,Large growth equity firm with NYC office,,
Ares Management,Private Equity,New York,NY,NYC,aresmgmt.com,Credit and alternatives,N/A,N/A,1,N/A,N/A,Active in credit and alternative credit,,
Oaktree Capital,Private Equity,New York,NY,NYC,oaktreecapital.com,Credit/distressed,N/A,N/A,1,N/A,N/A,Active in credit and alternative credit,,
Sixth Street,Private Equity,New York,NY,NYC,sixthstreet.com,Credit/alternatives,N/A,N/A,1,N/A,N/A,Active in credit and alternative credit,,
Citadel,Hedge Fund,New York,NY,NYC,citadel.com,Multi-strategy,N/A,N/A,1,N/A,N/A,Major hedge fund/multi-strat manager,,
Millennium,Hedge Fund,New York,NY,NYC,mlp.com,Multi-strategy,N/A,N/A,1,N/A,N/A,Major hedge fund/multi-strat manager,,
D.E. Shaw,Hedge Fund,New York,NY,NYC,deshaw.com,Quant/multi-strategy,N/A,N/A,1,N/A,N/A,Major hedge fund/quant manager,,
Two Sigma,Hedge Fund,New York,NY,NYC,twosigma.com,Quant,N/A,N/A,1,N/A,N/A,Major hedge fund/quant manager,,
Bridgewater,Hedge Fund,New York,NY,NYC,bridgewater.com,Macro,N/A,N/A,1,N/A,N/A,Major hedge fund/macro manager,,
Point72,Hedge Fund,New York,NY,NYC,point72.com,Multi-strategy,N/A,N/A,1,N/A,N/A,Major hedge fund/multi-strat manager,,
Sycomore Partners,Private Equity,New York,NY,NYC,N/A,"Consumer, Retail",~$11B,N/A,2,N/A,N/A,Consumer/retail turnaround specialist,,
Monomoy Capital Partners,Private Equity,New York,NY,NYC,N/A,"Industrial, Consumer",N/A,N/A,2,N/A,N/A,Operational value creation focus,,
Warren Equity Partners,Private Equity,New York,NY,NYC,N/A,Lower middle market infrastructure,N/A,N/A,2,N/A,N/A,Mission-critical products focus; buy-and-build,,
Greenwich Private Equity,Private Equity,Greenwich,CT,NYC,N/A,Family office PE,N/A,N/A,2,N/A,N/A,Family office acting as direct PE investor,,
FinTech Collective,Venture Capital,New York,NY,NYC,N/A,Fintech,N/A,N/A,2,N/A,N/A,Seeks operators/bankers with crypto/fintech interest,,
Primary Venture Partners,Venture Capital,New York,NY,NYC,N/A,Seed-stage,N/A,N/A,2,N/A,N/A,Active NYC seed-stage VC,,
Bain Capital Ventures,Venture Capital,New York,NY,NYC,baincapitalventures.com,VC,N/A,N/A,1,N/A,N/A,Bridge between PE rigour and early-stage risk,,
3i,Private Equity,London,UK,London,3i.com,Mid-Market Europe,N/A,N/A,1,N/A,N/A,UK PE champion,,
Bridgepoint,Private Equity,London,UK,London,bridgepoint.eu,Mid-Market Europe,N/A,N/A,1,N/A,N/A,UK PE champion; listed in London,,
Inflexion,Private Equity,London,UK,London,inflexion.com,Mid-Market PE,N/A,N/A,1,N/A,N/A,UK PE champion,,
Hg Capital,Private Equity,London,UK,London,hgcapital.com,Software/SaaS,N/A,N/A,1,N/A,N/A,Vista of Europe; massive AUM; data-centric hiring,,
Cinven,Private Equity,London,UK,London,cinven.com,Large Cap Buyout,N/A,N/A,1,N/A,N/A,Global funds; hires top US banking analysts,,
CVC Capital Partners,Private Equity,London,UK,London,cvc.com,European mega-fund,N/A,N/A,1,N/A,N/A,European mega-fund with London presence,,
EQT,Private Equity,London,UK,London,eqtgroup.com,European mega-fund,N/A,N/A,1,N/A,N/A,European mega-fund with London presence,,
Permira,Private Equity,London,UK,London,permira.com,European mega-fund,N/A,N/A,1,N/A,N/A,European mega-fund with London presence,,
Apax Partners,Private Equity,London,UK,London,apax.com,European mega-fund,N/A,N/A,1,N/A,N/A,European mega-fund with London presence,,
BC Partners,Private Equity,London,UK,London,bcpartners.com,European mega-fund,N/A,N/A,1,N/A,N/A,European mega-fund with London presence,,
Brevan Howard,Hedge Fund,London,UK,London,brevanhoward.com,Macro,N/A,N/A,1,N/A,N/A,Prominent hedge fund in London,,
Marshall Wace,Hedge Fund,London,UK,London,mwam.com,Equity L/S,N/A,N/A,1,N/A,N/A,Prominent hedge fund in London,,
Man Group,Hedge Fund,London,UK,London,man.com,Multi-strategy,N/A,N/A,1,N/A,N/A,Prominent hedge fund in London,,
Winton Capital,Hedge Fund,London,UK,London,winton.com,Quant,N/A,N/A,1,N/A,N/A,Prominent hedge fund in London,,
Balderton,Venture Capital,London,UK,London,balderton.com,Tech VC,N/A,N/A,1,N/A,N/A,Growth/VC in Tech City/Shoreditch,,
Index Ventures,Venture Capital,London,UK,London,indexventures.com,Tech VC,N/A,N/A,1,N/A,N/A,Growth/VC in Tech City/Shoreditch,,
Atomico,Venture Capital,London,UK,London,atomico.com,Tech VC,N/A,N/A,1,N/A,N/A,Growth/VC in Tech City/Shoreditch,,
Northzone,Venture Capital,London,UK,London,northzone.com,Tech VC,N/A,N/A,2,N/A,N/A,Growth/VC in Tech City/Shoreditch,,
Accel,Venture Capital,London,UK,London,accel.com,Tech VC,N/A,N/A,1,N/A,N/A,Growth/VC in Tech City/Shoreditch,,
Dymon Asia,Hedge Fund,Singapore,SG,Singapore,N/A,Macro/Quant,N/A,N/A,1,N/A,N/A,One of Asia's largest HFs; seeks quant talent,,
Broad Peak,Hedge Fund,Singapore,SG,Singapore,N/A,Hedge fund,N/A,N/A,2,N/A,N/A,Singapore-based hedge fund,,
Quantedge,Hedge Fund,Singapore,SG,Singapore,N/A,Quant,N/A,N/A,2,N/A,N/A,Local quant giant with global reputation,,
Lion Global Investors,Asset Management,Singapore,SG,Singapore,N/A,Asian credit and equity,N/A,N/A,2,N/A,N/A,Award-winning Asian strategies,,
Fullerton,Asset Management,Singapore,SG,Singapore,N/A,Asian credit and equity,N/A,N/A,2,N/A,N/A,Award-winning Asian strategies,,
Raffles Family Office,Family Office,Hong Kong,HK,Hong Kong,N/A,Multi-family office,N/A,N/A,2,N/A,N/A,Massive MFO servicing mainland wealth,,
Blue Pool Capital,Family Office,Hong Kong,HK,Hong Kong,N/A,Single family office (Alibaba wealth),N/A,N/A,2,N/A,N/A,Alibaba executive wealth; rivals mid-sized endowments,,
Sequoia China,Venture Capital,Hong Kong,HK,Hong Kong,N/A,VC,N/A,N/A,1,N/A,N/A,VC fund in HK/China,,
GGV China,Venture Capital,Hong Kong,HK,Hong Kong,N/A,VC,N/A,N/A,2,N/A,N/A,VC fund in HK/China,,
Matrix Partners China,Venture Capital,Hong Kong,HK,Hong Kong,N/A,VC,N/A,N/A,2,N/A,N/A,VC fund in HK/China,,
Golden Gate Ventures,Venture Capital,Singapore,SG,Singapore,N/A,SEA VC,N/A,N/A,2,N/A,N/A,Leading SEA VC firm,,
Jungle Ventures,Venture Capital,Singapore,SG,Singapore,N/A,SEA VC,N/A,N/A,2,N/A,N/A,Leading SEA VC firm,,
Sequoia SEA,Venture Capital,Singapore,SG,Singapore,N/A,SEA VC,N/A,N/A,1,N/A,N/A,Sequoia's SEA presence,,
Vertex,Venture Capital,Singapore,SG,Singapore,N/A,SEA VC,N/A,N/A,2,N/A,N/A,SEA VC firm,,
East Ventures,Venture Capital,Singapore,SG,Singapore,N/A,SEA VC,N/A,N/A,2,N/A,N/A,SEA VC firm,,
TheVentureCity,Venture Capital,Miami,FL,Miami,theventurecity.com,"SaaS, FinTech, HealthTech, AI",$145M,N/A,1,N/A,N/A,35% female founders; LatAm focus,,
Fuel Venture Capital,Venture Capital,Miami,FL,Miami,fuelventurecapital.com,"FinTech, digital platforms",$100M,N/A,1,N/A,N/A,$400M+ deployed,,
Ocean Azul Partners,Venture Capital,Miami,FL,Miami,oceanazulpartners.com,"FinTech, e-commerce, mobility",N/A,N/A,1,N/A,N/A,"LatAm focus: Kavak, Rappi portfolio",,
Florida Funders,Venture Capital,Miami,FL,Miami,floridafunders.com,"SaaS, cybersecurity, climate",N/A,N/A,2,N/A,N/A,Equity crowdfunding hybrid,,
Pantera Capital,Venture Capital,Miami,FL,Miami,panteracapital.com,Crypto/blockchain,$4.8B,N/A,1,N/A,N/A,First US crypto fund,,
Starlight Ventures,Venture Capital,Miami,FL,Miami,starlightventures.com,Breakthrough technology,N/A,Pre-seed/seed,2,N/A,N/A,,,
Guild Capital,Venture Capital,Miami,FL,Miami,guildcapital.com,Contrarian startups,N/A,Seed to Series B,2,N/A,N/A,Chicago-based with strong Miami presence,,
LAB Ventures,Venture Capital,Miami,FL,Miami,labventures.com,PropTech,N/A,Pre-seed/seed,2,N/A,N/A,Startup studio and accelerator,,
Krillion Ventures,Venture Capital,Miami,FL,Miami,krillionventures.com,"Healthcare, fintech, real estate tech",N/A,Seed,2,N/A,N/A,,,
Miami Angels,Venture Capital,Miami,FL,Miami,miamiangels.vc,Miami startups,N/A,Angel/seed,2,N/A,150+,150+ member angel network,,
Secocha Ventures,Venture Capital,Miami,FL,Miami,secocha.vc,"Consumer, fintech, healthtech",N/A,Pre-seed to Series A,2,N/A,N/A,Backed Papa (healthtech),,
SaaS VC,Venture Capital,Miami,FL,Miami,saasvc.io,SaaS startups,N/A,Seed,2,N/A,N/A,Bi-coastal (Miami and DC),,
Cascadia Capital,Investment Banking,Seattle,WA,PNW,cascadiacapital.com,Full-service middle-market,~100+ employees,Founder/family-owned and PE-backed companies,1,2000,100+,Leading independent IB; strong financial sponsor relationships; actively recruits from top schools,info@cascadiacapital.com,Handshake recruiting; 38 interns in 2025; hires from UW Foster
Alexander Hutton (Oaklins),Investment Banking,Seattle,WA,PNW,alexanderhutton.com,Middle-market M&A,N/A,Privately-held PNW companies,2,1986,15-Oct,231+ transactions; Oaklins global network affiliate,,Hires experienced bankers; occasional MBA grads via local networks
Corum Group,Investment Banking,Seattle,WA,PNW,corumgroup.com,Technology M&A,$20B+ wealth created,Tech companies,2,1985,N/A,Global leader in tech M&A; 500+ transactions over 37 years,,
ACT Capital Advisors,Investment Banking,Seattle,WA,PNW,actcapitaladvisors.com,"Technology, services, consumer",N/A,Middle-market sell-side,2,1986,N/A,96+ closed deals; market share leader in Pacific Northwest; 30+ years,,Occasionally hires analysts; recruits from Foster and regional MBAs
Merit Investment Bank,Investment Banking,Seattle,WA,PNW,meritinvestmentbank.com,"Technology, manufacturing, services",$10B+ transaction value,Entrepreneur-focused,2,N/A,N/A,20+ years experience,,
iMerge Advisors,Investment Banking,Bellevue,WA,PNW,imergeadvisors.com,Tech M&A (SaaS/cloud),N/A,$5M+ revenue companies,2,2001,N/A,Small to mid-market tech focus,,
Liberty Ridge Advisors,Investment Banking,Seattle,WA,PNW,libertyra.com,Middle-market M&A,N/A,Family business focus,3,N/A,<10,Top 25 by Axial (2019-2022); 23+ closed deals,,
Chinook Capital Advisors,Investment Banking,Seattle,WA,PNW,chinookadvisors.com,Sell-side M&A,N/A,N/A,3,N/A,N/A,50+ years combined experience; 100+ transactions,,
Meridian Capital,Investment Banking,Seattle,WA,PNW,meridianib.com,Middle-market M&A,N/A,$15M-$200M revenue companies,2,1999,N/A,90+ transactions; global M&A network affiliation,,Regularly hires analysts from regional B-schools
Exvere,Investment Banking,Seattle,WA,PNW,N/A,Northwest M&A,$3B+ transaction value,N/A,3,1991,N/A,150+ assignments,,
Concord Ventures,Investment Banking,Bellevue,WA,PNW,N/A,Boutique IB,N/A,$3M-$500M range,3,N/A,N/A,Business sellers focus,,
Global Ventures Inc.,Investment Banking,Bellevue,WA,PNW,N/A,Full-service IB,N/A,$5M-$250M revenue; turnarounds,3,1962,N/A,,,
Zachary Scott & Co.,Investment Banking,Seattle,WA,PNW,zacharyscott.com,Pacific NW M&A,N/A,Ownership transitions,3,1991,N/A,Direct investing capability; tailored advisory to founders,,Recruits via local business school alumni
OneAccord Capital Advisors,Investment Banking,Seattle,WA,PNW,oneaccordcapital.com,Owner-operated businesses,N/A,$20-200M range,3,N/A,N/A,Partners are former CEOs/business owners,,May recruit MBAs with operating backgrounds
Novelty Hill Capital,Investment Banking,Seattle,WA,PNW,N/A,"Consumer, industrial, tech",N/A,Middle-market,3,N/A,N/A,Seasoned bankers,,
Rainier Group,Investment Banking,Seattle,WA,PNW,N/A,Wealth management + M&A,N/A,Private company ownership,3,1988,N/A,Integrated advisory,,
Moss Adams Capital,Investment Banking,Seattle,WA,PNW,N/A,Mid-market M&A,N/A,Mid-market clients,3,N/A,N/A,IB arm of Moss Adams accounting,,
D.A. Davidson & Co.,Investment Banking,Portland,OR,PNW,dadavidson.com,"Technology, healthcare, industrials","~1,400 employees firm-wide",Full-service,1,N/A,"1,400+",Employee-owned; largest full-service IB HQ'd in PNW,,Active analyst recruiting; targets Pac-12 universities
Macadam Capital Partners,Investment Banking,Portland,OR,PNW,macadamcapital.com,Pacific Northwest middle-market,$8B+ in transactions,300+ clients,2,1993,N/A,,,
Veber Partners LLC,Investment Banking,Portland,OR,PNW,veberpartners.com,"Manufacturing, tech, healthcare",N/A,"M&A, private placements, LBOs",2,1989,N/A,Premier private investment bank in Oregon,,"Hires locally from U of Oregon, Portland State MBAs"
Alkali Partners,Investment Banking,Portland,OR,PNW,alkalipartners.com,"Technology (SaaS, InsurTech)",N/A,Boutique tech IB,3,N/A,N/A,M&A advisory and capital raising,,
Paulson Investment Company,Investment Banking,Portland,OR,PNW,paulsoninvestment.com,General middle-market,$1.2B+ raised,175+ offerings,3,1970,N/A,Small-cap IPOs and corporate finance,,
Deal Capital Partners,Investment Banking,Portland,OR,PNW,investmentbank.com/portland,Lower middle-market M&A,N/A,$1M-$100M revenue,3,N/A,N/A,,,
Piper Group International,Investment Banking,Portland,OR,PNW,N/A,Middle-market sell-side,N/A,National,3,N/A,N/A,40+ years old,,
Bracken Lane Partners,Investment Banking,Portland,OR,PNW,brackenlanepartners.com,M&A boutique,N/A,N/A,3,N/A,N/A,,,
Orca Capital,Investment Banking,Portland,OR,PNW,N/A,M&A advisory,N/A,N/A,3,N/A,N/A,Senior principals-led,,
Qatalyst Partners,Investment Banking,San Francisco,CA,Bay Area,qatalyst.com,Elite tech M&A,N/A,Multi-billion dollar tech deals,1,2008,~50,"Founded by Frank Quattrone; LinkedIn, Skype sales",,"Very selective; hires from Stanford, Berkeley"
FT Partners,Investment Banking,San Francisco,CA,Bay Area,ftpartners.com,FinTech exclusive,N/A,FinTech startups/unicorns,1,~2002,200+,Only IB focused exclusively on fintech; ex-Goldman bankers,,Actively recruits analysts and MBAs
Union Square Advisors,Investment Banking,San Francisco,CA,Bay Area,usadvisors.com,Technology,N/A,Public/private tech companies,2,2007,40-50,Mid-market IB,,"Hires MBAs from Wharton, Columbia, Haas"
Vista Point Advisors,Investment Banking,San Francisco,CA,Bay Area,vistapointadvisors.com,Software/Internet,N/A,Founder-led software,2,N/A,N/A,Sell-side only,,
Telegraph Hill Advisors,Investment Banking,San Francisco,CA,Bay Area,telehilladvisors.com,"AI/ML, Cloud, Cyber",N/A,Emerging tech,2,N/A,N/A,M&A and capital raising,,
Nfluence Partners,Investment Banking,San Francisco,CA,Bay Area,nfluencepartners.com,TMT,N/A,"EdTech, HR Tech, Digital Health",2,2011,N/A,,,
Arbor Advisors,Investment Banking,San Francisco,CA,Bay Area,arboradvisors.com,Tech,N/A,$10-100M revenue,2,N/A,N/A,Mid-market tech companies,,
Windsor Drake,Investment Banking,San Francisco,CA,Bay Area,windsordrake.com,SaaS/Tech,N/A,High-growth tech,2,N/A,N/A,Sell-side M&A,,
Aquilo Partners,Investment Banking,San Francisco,CA,Bay Area,aquilopartners.com,Life Sciences,N/A,"M&A, capital raising, partnerships",2,N/A,N/A,20+ years,,
Piper Sandler Healthcare,Investment Banking,San Francisco,CA,Bay Area,pipersandler.com,Healthcare,N/A,"Tools/diagnostics, biopharma",2,N/A,N/A,100+ transactions,,
Stifel Healthcare,Investment Banking,San Francisco,CA,Bay Area,stifelinstitutional.com,Global Healthcare,$79.1B raised,225+ companies,2,N/A,47,,,
Wood Warren,Investment Banking,San Francisco,CA,Bay Area,woodwarren.com,Food/Bev/Agriculture,N/A,Middle-market,2,1991,N/A,,,
Woodside Capital Partners,Investment Banking,Redwood City,CA,Bay Area,woodsidecap.com,Technology,N/A,Tech M&A and capital raising,2,N/A,N/A,,,
Back Bay Life Science Advisors,Investment Banking,San Francisco,CA,Bay Area,bblsa.com,BioPharma/MedTech,$23B+ transaction experience,N/A,2,N/A,N/A,,,
Architect Partners,Investment Banking,Palo Alto,CA,Bay Area,N/A,"Tech M&A (fintech, cybersecurity)",N/A,N/A,3,N/A,~10,Ex-big bank tech bankers,,"Hires interns from Stanford, Santa Clara"
Stifel Technology,Investment Banking,SF/Seattle,CA,Bay Area,N/A,"SaaS, semiconductors",N/A,Mid-sized team,2,N/A,N/A,Former Pacific Crest Securities,,Often recruits analysts from West Coast schools
Houlihan Lokey,Investment Banking,Century City,CA,Los Angeles,hl.com,"M&A, Restructuring, Media",N/A,#1 Global M&A Restructuring,1,1972,"~2,500",Top-tier mid-market IB,,"Actively hires from UCLA Anderson, USC Marshall"
Salem Partners,Investment Banking,Los Angeles,CA,Los Angeles,salempartners.com,Media/Entertainment,N/A,LA boutique,2,N/A,~50,Specialty media practice,,
Intrepid Investment Bankers,Investment Banking,Los Angeles,CA,Los Angeles,intrepidib.com,Middle-market M&A,N/A,$25M-$1B valuations,2,N/A,50+,MUFG partnership,,"Hires from UCLA, Pepperdine"
Montminy & Co.,Investment Banking,Los Angeles,CA,Los Angeles,montminyco.com,"Consumer, Food, Lodging, Tech",N/A,Mergers Alliance member,2,2009,N/A,30-year advisory heritage,,
FocalPoint Partners (B. Riley),Investment Banking,Los Angeles,CA,Los Angeles,focalpointllc.com,"Aerospace, Industrials, Healthcare",$17B+ closed,N/A,2,2002,N/A,Acquired by B. Riley 2022,,
B. Riley Financial,Investment Banking,Woodland Hills,CA,Los Angeles,brileyfin.com,Full-service middle-market,N/A,NASDAQ: RILY,2,N/A,"1,000+","IB, restructuring, wealth management",,Recruits from California schools
Telos Advisors,Investment Banking,Los Angeles,CA,Los Angeles,telosadvisors.com,"Digital Media, eCommerce",N/A,N/A,3,N/A,~15,Advised Warner Bros. Discovery,,
Solganick & Co.,Investment Banking,Los Angeles,CA,Los Angeles,solganick.com,"Software, IT Services",$20B+ in transactions,N/A,2,2009,~20,,,
ROTH Capital Partners,Investment Banking,Newport Beach,CA,Los Angeles,roth.com,"Healthcare, Biotech, Tech","$100.5B+ through 2,300+ deals",N/A,2,1984,235+,,,Recruits from UC schools
AGRA Capital Advisors,Investment Banking,Los Angeles,CA,Los Angeles,agracapital.com,"Healthcare, Fintech",N/A,$5M-$150M transactions,3,N/A,N/A,,,
Trinity Capital LLC,Investment Banking,Los Angeles,CA,Los Angeles,N/A,"M&A, Restructuring, Valuation",$10B+ since 2000,500+ transactions,2,N/A,N/A,,,
Moelis & Company,Investment Banking,Los Angeles,CA,Los Angeles,moelis.com,"M&A, Restructuring",N/A,Global boutique,1,2007,~900,Media/entertainment and real estate in LA,,Recruits heavily from MBA programs
Imperial Capital,Investment Banking,Los Angeles,CA,Los Angeles,imperialcapital.com,"Aerospace/defense, consumer",N/A,Full-service middle-market,2,N/A,~200,,,"Targets USC, UCLA, UCI"
Rainier Partners,Private Equity,Seattle,WA,PNW,rainierpartners.com,Services businesses,$375M+,"Business, consumer, industrial, financial services",2,2019,15-Oct,Lower middle-market PE; proprietary 'SUMMIT' value-creation playbook,,Has hired pre-MBA analysts and post-MBA associates; UW MBA alumni on team
Pike Street Capital,Private Equity,Seattle,WA,PNW,pikestreetcapital.com,"Industrial tech, manufacturing",$237M Fund I,$10-40M equity; $30M-100M EV,2,2017,10-Aug,Mid-market growth buyout,,Founders connected to Dartmouth Tuck
NCA Partners,Private Equity,Seattle,WA,PNW,nwcap.com,Multiple sectors,$200M+ invested,$25M-$250M EV,2,1992,N/A,,,
Westward Partners,Private Equity,Seattle,WA,PNW,westwardpartnersllc.com,"Business services, consumer",~$250M,$20M-$500M revenue,2,2010,~6,"34 investments, 7 exits; LMM focus",,Hires pre-MBA associates from regional IB; values MBA hires with Northwest ties
Frazier Healthcare Partners,Private Equity,Seattle,WA,PNW,frazierhealthcare.com,Healthcare PE/VC,~$4.8B,$50M-$300M equity,1,1991,60+,"Sector leader; Pharmacyclics, PCI Pharma portfolio",,Actively hires MBA interns and post-MBA associates via on-campus interviews
Montlake Capital,Private Equity,Seattle,WA,PNW,N/A,"Business products, consumer",Growth equity,$5M-$50M revenue; $1M-$10M EBITDA,3,1999,5-Apr,Growth-stage focus,,"Occasionally takes interns from UW, Seattle U MBAs"
Flying Fish Partners,Venture Capital,Seattle,WA,PNW,N/A,AI/ML startups,~$80M Fund II,Early-stage,3,2017,3,AI and machine learning focus; Picnic investment,,May take MBA interns; past interns from UW
Talon Private Capital,Private Equity,Bellevue,WA,PNW,talonprivate.com,Real estate PE,$1B+ invested,"Office, multifamily, mixed-use",2,N/A,N/A,21%+ avg IRR,,
WestRiver Group,Private Equity,Kirkland,WA,PNW,N/A,"Tech, life sciences, entertainment",N/A,"VC, PE, and credit hybrid",2,2002,N/A,Erik Anderson (UW alumnus); Talespin investment,,Small core team; hires via networks
Evergreen Pacific Partners,Private Equity,Seattle,WA,PNW,N/A,"Manufacturing, packaging, services",$425M Fund II,Mid-market buyouts,2,2003,~10,Washington's largest home-grown PE,,Now possibly in harvesting mode
Columbia Pacific Advisors,Private Equity,Seattle,WA,PNW,N/A,"Real estate, healthcare, venture",N/A,Multi-strategy alternative,3,N/A,N/A,,,
Arable Capital Partners,Private Equity,Bellevue,WA,PNW,N/A,Agribusiness,N/A,Family-owned partnerships,3,N/A,N/A,,,
Keeler Investments,Venture Capital,Seattle,WA,PNW,N/A,Sustainable economy,N/A,Pre-seed/seed,3,N/A,N/A,Family office investment arm,,Potential for internships
Voyager Capital,Venture Capital,Seattle/Portland,WA,PNW,voyagercapital.com,"Software, analytics, cloud",Early-stage,Seed-Series A,2,N/A,N/A,Pacific Northwest focus,,
Alliance of Angels,Venture Capital,Seattle,WA,PNW,N/A,PNW startups,~$6M seed fund,Angel/seed,3,N/A,N/A,140+ angels; small management team,,Sometimes takes MBA interns for due diligence
Endeavour Capital,Private Equity,Portland,OR,PNW,endeavour.com,"Consumer, healthcare, industrials",~$500M funds,$25M-$250M EV,1,1991,~20,Flagship PE firm of Oregon; family/founder-owned focus,,"Hires pre-MBA from West Coast IBs; MBAs from Stanford, Wharton for VP roles"
Riverlake Partners,Private Equity,Portland,OR,PNW,riverlakepartners.com,"Industrial, consumer manufacturing",Lower MM,$15-$60M EV; $5-30M equity,3,2003,6-May,,,
Vista Ridge Capital Partners,Private Equity,Portland,OR,PNW,vistaridgecapital.com,Diversified private capital,Fund of funds,PE funds and co-investments,3,2009,N/A,,,
Gorge Holdings,Private Equity,Portland,OR,PNW,N/A,Oregon-focused,N/A,Regional PE investor,3,N/A,N/A,,,
Madrona Venture Group,Venture Capital,Seattle,WA,PNW,madrona.com,"AI, ML, cloud, enterprise software",$2B+ invested,Seed-Growth,1,1995,~30,"Top regional VC; Amazon, Smartsheet, Redfin portfolio",,"Partners teach seminars at Foster; engages with venture club; hires MBA interns from UW Foster, Stanford"
Pioneer Square Labs (PSL),Venture Capital,Seattle,WA,PNW,psl.com,Startup studio + fund,$180M Ventures + $20M Studio,Seed,2,2015,N/A,33+ companies spun out; generative AI focus,,May hire MBA interns with startup experience
Ignition Partners,Venture Capital,Bellevue,WA,PNW,N/A,Enterprise software,Early-stage,Seed-Series A,3,2000,N/A,Co-founded by Microsoft alumni; winding down,,
Maveron,Venture Capital,Seattle/SF,WA,PNW,maveron.com,Consumer brands,N/A,Seed-Series A,2,N/A,N/A,Co-founded by Howard Schultz,,
FUSE,Venture Capital,Seattle,WA,PNW,N/A,B2B software,$500K-$5M checks,Seed-A,2,N/A,N/A,"Intelligent apps, future of work",,
Tola Capital,Venture Capital,Seattle,WA,PNW,tolacapital.com,"Enterprise software, data-driven tech",$5M-$20M checks,Growth,2,N/A,N/A,,,
Founders' Co-op,Venture Capital,Seattle,WA,PNW,N/A,Pacific Northwest tech startups,Seed,Seed,3,N/A,N/A,,,
Capria Ventures,Venture Capital,Seattle,WA,PNW,capria.vc,"AI, AgTech, Climate, EdTech, FinTech",Impact VC,Multi-stage,2,N/A,N/A,127 portfolio companies,,
Echo Health Ventures,Venture Capital,Seattle,WA,PNW,N/A,Healthcare,Healthcare,Multi-stage,2,N/A,N/A,33 healthcare portfolio companies,,
Incisive Ventures,Venture Capital,Seattle,WA,PNW,N/A,Technology,Pre-seed,Pre-seed,3,N/A,N/A,59 portfolio companies,,
Keiretsu Capital,Venture Capital,Seattle,WA,PNW,N/A,"CleanTech, HealthTech, FinTech",Angel/seed,Seed,3,N/A,N/A,134 companies,,
M12 (Microsoft Ventures),Corporate Venture,Redmond,WA,PNW,m12.vc,Enterprise software,N/A,Series A-D,1,N/A,N/A,"AI/ML, cloud, cybersecurity; 100+ companies, 15 unicorns",,Foster interns have placed here
Amazon Alexa Fund,Corporate Venture,Seattle,WA,PNW,N/A,"AI, voice tech, IoT",N/A,Multi-stage,1,N/A,N/A,82 portfolio companies,,
Climate Pledge Fund,Corporate Venture,Seattle,WA,PNW,N/A,Sustainable tech,N/A,$2M-$50M investments,2,N/A,N/A,"Rivian, Redwood Materials investments",,
W Fund,Venture Capital,Seattle,WA,PNW,N/A,UW spinouts,~$20M,N/A,1,N/A,N/A,Managed by UW Center for Commercialization,,Direct UW affiliation
Pack Ventures,Venture Capital,Seattle,WA,PNW,N/A,UW spinouts and alumni,$10M+ Fund I; $30M target Fund II,N/A,1,N/A,N/A,29 companies invested,,Explicit UW partnership with CoMotion Labs
WRF Capital,Venture Capital,Seattle,WA,PNW,N/A,WA-based startups,~$5M annual,N/A,1,1996,N/A,132 companies since 1996,,Invests in UW spinouts
Vulcan Capital,Family Office,Seattle,WA,PNW,N/A,"Technology, life sciences, media",Multi-billion,Late-stage VC/PE hybrid,2,N/A,N/A,Paul Allen's family office investment arm,,Hires experienced investors; occasionally post-MBAs
Oregon Venture Fund,Venture Capital,Portland,OR,PNW,oregonventurefund.com,Sector-agnostic,$250M under management,Multi-stage,1,N/A,N/A,"Top 10% performing globally; 79 startups; Auth0, Inpria exits",,
Portland Seed Fund,Venture Capital,Portland,OR,PNW,portlandseedfund.com,"Software, climate-tech, health",$40M+ across 5 funds,"Pre-seed, Seed",2,N/A,N/A,"200+ portfolio; Auth0, ESS Inc exits",,Fellowships for local MBA students
Elevate Capital,Venture Capital,Portland,OR,PNW,elevate.vc,Diverse founders,Multi-fund,Seed,2,N/A,N/A,First institutional VC targeting underserved entrepreneurs,,
Seven Peaks Ventures,Venture Capital,Bend,OR,PNW,sevenpeaksventures.com,"Enterprise software, digital health, AI",$28M Fund II,Early-stage,2,N/A,N/A,DocuSign founder partner,,
Rogue Venture Partners,Venture Capital,Portland,OR,PNW,roguevp.com,N/A,Seed,$1-5M deals,2,N/A,N/A,52 investments; 18 acquisitions,,
Cascade Seed Fund,Venture Capital,Portland/Bend,OR,PNW,cascadeseedfund.com,"Work transformation, healthcare, fintech",~$1.5M sweet spot,Seed,3,N/A,N/A,,,
Stargazer Ventures,Venture Capital,Portland,OR,PNW,N/A,Early-stage startups,Early/seed,Seed,3,N/A,N/A,,,
Archivist Capital,Venture Capital,Portland,OR,PNW,N/A,Technology companies,Early-stage,Early,3,N/A,N/A,,,
Alpine Investors,Private Equity,San Francisco,CA,Bay Area,alpineinvestors.com,"Software, Services",$18.7B,People-driven; 850+ investments,1,N/A,N/A,9 flagship funds,,
Genstar Capital,Private Equity,San Francisco,CA,Bay Area,gencap.com,"Financial svcs, software, healthcare",$40B+,Industry-focused middle-market,1,1988,N/A,"Recruits top MBA grads from Harvard, Stanford as Associates",,
Francisco Partners,Private Equity,San Francisco,CA,Bay Area,franciscopartners.com,Technology,$45B+,"Tech-focused; Verifone, GoodRx",1,N/A,N/A,"Actively recruits MBA associates from Stanford, Berkeley",,
Serent Capital,Private Equity,San Francisco,CA,Bay Area,serentcapital.com,Tech/Services,~$1.5B+,Lower middle-market,1,2008,~30,"Post-MBA Associate program; targets Haas, UCLA, BYU",,
Turn/River Capital,Private Equity,San Francisco,CA,Bay Area,turnrivercapital.com,B2B Software,~$400M+,Growth engineering strategy,2,2012,N/A,,,
Altamont Capital Partners,Private Equity,Palo Alto,CA,Bay Area,altamontcapital.com,"Industrials, services, franchising",$4B+,Lower-middle-market; 45+ companies,2,2010,N/A,"Ex-Goldman PE professionals; hires from Stanford, Wharton",,
Mainsail Partners,Private Equity,San Francisco,CA,Bay Area,mainsailpartners.com,Software/Services,~$400M,Growth-oriented,2,N/A,N/A,,,
Sumeru Equity Partners,Private Equity,San Francisco,CA,Bay Area,sumeruequity.com,Technology,~$1.1B,Middle-market tech,2,2014,N/A,Spun from Silver Lake,,
San Francisco Equity Partners,Private Equity,San Francisco,CA,Bay Area,sfequitypartners.com,Consumer products,Consumer brands,"BruMate, Jane Iredale portfolio",2,N/A,N/A,,,
TSG Consumer Partners,Private Equity,San Francisco,CA,Bay Area,tsgconsumer.com,Branded consumer,Multi-billion,Market specialist,2,N/A,N/A,,,
Gryphon Investors,Private Equity,San Francisco,CA,Bay Area,gryphon-inv.com,Diversified,Middle-market,Strengthening middle-market,2,N/A,N/A,,,
GI Partners,Private Equity,San Francisco,CA,Bay Area,gipartners.com,"Data infrastructure, PE, RE",Multi-billion,Operational excellence focus,2,N/A,N/A,,,
Friedman Fleischer & Lowe,Private Equity,San Francisco,CA,Bay Area,fflpartners.com,Multi-sector,Middle-market,"Buyouts, growth equity",2,N/A,N/A,,,
Golden Gate Capital,Private Equity,San Francisco,CA,Bay Area,goldengatecap.com,Multi-sector,Multi-billion,Buyout and growth equity,2,N/A,N/A,,,
JH Partners,Private Equity,San Francisco,CA,Bay Area,jhpartners.com,Consumer,Middle-market,Consumer with growth potential,2,N/A,N/A,,,
Luminate Capital Partners,Private Equity,San Francisco,CA,Bay Area,luminatecap.com,Software/IT Services,N/A,Software buyouts,2,N/A,N/A,,,
Pacific Lake Partners,Private Equity,San Francisco,CA,Bay Area,pacificlake.com,Search funds,$175M Fund IV,75+ search funds,1,2009,N/A,Pioneer search fund investor,,Stanford GSB ecosystem
Footbridge Partners,Private Equity,Bay Area,CA,Bay Area,footbridgepartners.com,Search funds,N/A,Collaborative search fund investor,2,N/A,N/A,,,
Anacapa Partners,Private Equity,California,CA,Bay Area,N/A,Search funds,N/A,20+ years experience,2,N/A,N/A,Jeff Stevens founded,,
Shamrock Capital Advisors,Private Equity,Los Angeles,CA,Los Angeles,shamrockcap.com,"Media, entertainment, content",$6.5B,Roy Disney family; Growth VI: $1.6B,1,1978,N/A,,,
Brentwood Associates,Private Equity,West LA,CA,Los Angeles,brentwood.com,"Consumer, restaurants",$2.5B+,"Zoe's Kitchen, Lazy Dog, Chicken Salad Chick",2,1972,N/A,Hires occasionally from UCLA/USC,,
Transom Capital Group,Private Equity,El Segundo,CA,Los Angeles,N/A,Operationally-focused,~$1B+,Lower-middle-market; complex situations,2,2008,N/A,,,
Highview Capital,Private Equity,Los Angeles,CA,Los Angeles,N/A,Transformational investing,~$700M deployed,Family-office backed; evergreen,2,N/A,N/A,,,
Marlin Equity Partners,Private Equity,El Segundo,CA,Los Angeles,marlinequity.com,"Technology, healthcare",Multi-billion,Business services focus,2,N/A,N/A,,,
Aurora Capital Partners,Private Equity,Los Angeles,CA,Los Angeles,N/A,Middle-market buyouts,Multi-billion,Diversified,2,N/A,N/A,,,
Pacific Avenue Capital Partners,Private Equity,Los Angeles,CA,Los Angeles,pacificavenuecapital.com,Corporate divestitures,Middle-market,"Carve-outs, complex situations",2,N/A,N/A,,,
Caltius Equity Partners,Private Equity,Los Angeles,CA,Los Angeles,N/A,"Business services, industrial",$10-30M investments,N/A,3,1999,N/A,,,
Century Park Capital Partners,Private Equity,Los Angeles,CA,Los Angeles,N/A,Profitable companies,Middle-market,$20M-$100M revenue,3,N/A,N/A,,,
Rockwood Equity Partners,Private Equity,Los Angeles,CA,Los Angeles,rockwoodequity.com,"B2B products, regulated industries",Lower MM,Industrial focus,3,N/A,N/A,,,
Kingswood Capital,Private Equity,Los Angeles,CA,Los Angeles,N/A,Operational/financial change,N/A,Transformation focus,3,N/A,N/A,,,
Solis Capital Partners,Private Equity,Southern CA,CA,Los Angeles,N/A,Organizational transformation,Lower MM,N/A,3,2002,N/A,,,
First Round Capital,Venture Capital,San Francisco,CA,Bay Area,firstround.com,Founder-focused,$563M,$1-5M checks,1,N/A,N/A,,,
Initialized Capital,Venture Capital,San Francisco,CA,Bay Area,initialized.com,Earliest stages,N/A,Seed,1,N/A,N/A,Garry Tan founded,,
True Ventures,Venture Capital,San Francisco,CA,Bay Area,trueventures.com,Deep hardware,$3.8B+,Pre-Seed to A,1,N/A,N/A,,,
Cowboy Ventures,Venture Capital,Palo Alto,CA,Bay Area,cowboy.vc,Seed,N/A,Strong founder network,2,N/A,N/A,,,
Forerunner Ventures,Venture Capital,San Francisco,CA,Bay Area,forerunnerventures.com,E-commerce/retail,$100M+,"Birchbox, Dollar Shave Club",2,N/A,N/A,,,
Blumberg Capital,Venture Capital,San Francisco,CA,Bay Area,blumbergcapital.com,"FinTech, Enterprise, SaaS",N/A,"Fundbox, CoverHound",2,N/A,N/A,,,
Liquid 2 Ventures,Venture Capital,San Francisco,CA,Bay Area,liquid2.vc,Seed,N/A,Co-founded by Joe Montana,2,N/A,N/A,,,
Menlo Ventures,Venture Capital,Menlo Park,CA,Bay Area,menlovc.com,Full-stack,Multi-billion,Seed through growth,1,N/A,N/A,,,
Crosslink Capital,Venture Capital,San Francisco,CA,Bay Area,crosslinkcapital.com,Enterprise/consumer,$1.3B+,"Postmates, Chime",1,1989,N/A,,,
CRV (Charles River Ventures),Venture Capital,San Francisco,CA,Bay Area,crv.com,Power to the Person,Multi-billion,N/A,1,1970,N/A,,,
Mayfield Fund,Venture Capital,Menlo Park,CA,Bay Area,mayfield.com,Emerging AI focus,Multi-billion,N/A,1,N/A,N/A,Mayfield fellows program at Stanford,,
Felicis Ventures,Venture Capital,Palo Alto,CA,Bay Area,felicis.com,"Credit Karma, Plaid",$239.6M,N/A,2,N/A,N/A,,,
Emergence Capital,Venture Capital,San Mateo,CA,Bay Area,emcap.com,SaaS pioneer,N/A,"ServiceMax, Gusto",1,N/A,N/A,,,
Better Tomorrow Ventures,Venture Capital,San Francisco,CA,Bay Area,btv.vc,FinTech focus,$140M,N/A,2,N/A,N/A,,,
FIN VC,Venture Capital,San Francisco,CA,Bay Area,finvc.co,Financial services/tech,N/A,N/A,2,N/A,N/A,,,
Flourish Ventures,Venture Capital,San Francisco,CA,Bay Area,flourishventures.com,Financial services innovation,N/A,N/A,2,N/A,N/A,,,
Tribe Capital,Venture Capital,San Francisco,CA,Bay Area,tribecap.co,FinTech/Crypto,N/A,Data science-driven,2,N/A,N/A,,,
DCVC (Data Collective),Venture Capital,San Francisco,CA,Bay Area,dcvc.com,"AI, sustainability, robotics",$1B+,N/A,1,N/A,N/A,,,
Congruent Ventures,Venture Capital,San Francisco,CA,Bay Area,congruentvc.com,Early-stage climate tech,N/A,N/A,2,N/A,N/A,,,
Obvious Ventures,Venture Capital,San Francisco,CA,Bay Area,obvious.com,World-positive investing,N/A,N/A,2,N/A,N/A,,,
Prelude Ventures,Venture Capital,San Francisco,CA,Bay Area,preludeventures.com,Climate/sustainability,N/A,Early-stage,2,N/A,N/A,,,
G2 Venture Partners,Venture Capital,San Francisco,CA,Bay Area,g2vp.com,Climate/industrial tech,N/A,N/A,2,N/A,N/A,,,
8VC,Venture Capital,San Francisco,CA,Bay Area,8vc.com,Deep tech/healthcare,N/A,Joe Lonsdale (Palantir co-founder),1,N/A,N/A,,,
Khosla Ventures,Venture Capital,Menlo Park,CA,Bay Area,khoslaventures.com,Healthcare/tech,N/A,Vinod Khosla,1,N/A,N/A,,,
Canaan Partners,Venture Capital,Menlo Park,CA,Bay Area,canaan.com,"Biopharma, digital health",$3.08B,N/A,1,N/A,N/A,,,
Pivotal Life Sciences,Venture Capital,San Francisco,CA,Bay Area,pivotallifesciences.com,Drug discovery,N/A,Nan Fung Group backing,2,N/A,N/A,,,
500 Global,Venture Capital,San Francisco,CA,Bay Area,500.co,"5,000+ companies",$2.7B,80 countries; 51 unicorns,1,N/A,N/A,,,
Celesta Capital,Venture Capital,Silicon Valley,CA,Bay Area,celestacap.com,"AI, semiconductors",$1B+,100+ investments,1,N/A,N/A,,,
South Park Commons,Venture Capital,San Francisco,CA,Bay Area,southparkcommons.com,Support before company formation,Pre-seed,N/A,2,N/A,N/A,,,
Basis Set Ventures,Venture Capital,San Francisco,CA,Bay Area,basisset.com,AI for productivity,Seed,N/A,2,N/A,N/A,,,
Upfront Ventures,Venture Capital,Santa Monica,CA,Los Angeles,upfront.com,"Digital media, SaaS",$2B+ raised,"Seed, Series A; Ring, TrueCar, GOAT, Bird",1,N/A,N/A,"MBA intern program; draws from UCLA Anderson, USC Marshall",,
Greycroft,Venture Capital,Los Angeles,CA,Los Angeles,greycroft.com,"Consumer tech, AI",$3B+,"Seed-Growth; Bird, Bumble, Venmo",1,N/A,N/A,,,
Crosscut Ventures,Venture Capital,Santa Monica,CA,Los Angeles,crosscut.vc,"Frontier tech: space, energy, defense",$300M+,Seed,1,N/A,N/A,Largest LA seed fund; Ventures Fellows with UCLA/USC,,
Wonder Ventures,Venture Capital,Los Angeles,CA,Los Angeles,N/A,Backed nearly all LA unicorns,Pre-seed,$250K-$500K checks,2,N/A,N/A,,,
Bonfire Ventures,Venture Capital,Los Angeles,CA,Los Angeles,N/A,B2B tech,Seed,#3 Founder's Choice 2022,2,N/A,N/A,,,
Mucker Capital,Venture Capital,Santa Monica,CA,Los Angeles,N/A,LA-focused,Seed,Accelerator and fund,2,N/A,N/A,,,
Fika Ventures,Venture Capital,Los Angeles,CA,Los Angeles,N/A,"Data, AI, automation, fintech",Seed,N/A,2,N/A,N/A,,,
MaC Venture Capital,Venture Capital,Los Angeles,CA,Los Angeles,N/A,"Consumer, FinTech, EdTech, Digital Health",Pre-seed-B,Seed-A,2,N/A,N/A,,,
March Capital,Venture Capital,Santa Monica,CA,Los Angeles,N/A,"Enterprise, AI, Security",Early/Growth,Multi-stage,2,N/A,N/A,,,
Fifth Wall,Venture Capital,Los Angeles,CA,Los Angeles,N/A,Real estate technology (proptech),$1B+,Multi-stage,1,N/A,N/A,"Hires MBAs with real estate backgrounds from Wharton, Columbia",,
The Chernin Group (TCG),Venture Capital,Los Angeles,CA,Los Angeles,N/A,"Media, entertainment, consumer",N/A,Multi-stage,2,N/A,N/A,,,
Elysian Park Ventures,Venture Capital,Los Angeles,CA,Los Angeles,N/A,Sports tech,N/A,Multi-stage,2,N/A,N/A,Dodgers ownership linked,,
Tech Coast Angels,Venture Capital,Orange County/LA,CA,Los Angeles,N/A,Angel/Seed,N/A,Seed,2,N/A,425+,Largest angel group,,
Act One Ventures,Venture Capital,Los Angeles,CA,Los Angeles,N/A,"E-commerce infrastructure, vertical SaaS","Pre-seed, Seed",Seed,2,N/A,N/A,,,
Slauson & Co.,Venture Capital,Los Angeles,CA,Los Angeles,N/A,"Diverse founders, community focus",Seed,Seed,2,N/A,N/A,,,
Science Ventures,Venture Capital,Santa Monica,CA,Los Angeles,N/A,Incubator,Incubator/Seed,Seed,2,N/A,N/A,Created Dollar Shave Club,,
Silver Creek Capital Management,Hedge Fund,Seattle,WA,PNW,silvercreekcapital.com,Fund of funds,$10B+,Alternative asset manager; 25+ year history,2,N/A,N/A,,,
Parametric Portfolio Associates,Hedge Fund,Seattle,WA,PNW,N/A,Quantitative,$8.9B,"Systematic equity, alternative risk premia; Eaton Vance/Morgan Stanley",2,N/A,100+,Recruits UW and West Coast grads for research roles,,
Euclidean Technologies,Hedge Fund,Seattle,WA,PNW,N/A,ML-based equity,~$136M,Converted to ETF structure,3,N/A,N/A,,,
Russell Investments,Asset Manager,Seattle,WA,PNW,russellinvestments.com,Manager-of-managers,N/A,Indexes and alternatives,2,N/A,N/A,Hires MBAs via CFA community or UW connections,,
Cascade Investment,Family Office,Seattle,WA,PNW,N/A,Value investing,N/A,Bill Gates family office,2,N/A,N/A,Occasionally hires MBA grads for public equities team,,Very selective; requires top credentials
J E Moody & Company,Hedge Fund,Portland,OR,PNW,jemoody.com,Quantitative CTA,N/A,2021 HFM US Quant Award; physics PhD founder,2,N/A,N/A,,,
Eight Bridges Capital Management,Hedge Fund,Portland,OR,PNW,eightbridges.com,Long/short hedged,N/A,US opportunistic investments,3,N/A,N/A,,,
Tygh Capital Management,Hedge Fund,Portland,OR,PNW,tyghcap.com,Alternative,N/A,N/A,3,N/A,N/A,,,
Farallon Capital,Hedge Fund,San Francisco,CA,Bay Area,faralloncapital.com,Multi-strategy,$40B+,"Credit, equity, real estate",1,1986,200+,Tom Steyer founded; Stanford GSB network,,
ValueAct Capital,Hedge Fund,San Francisco,CA,Bay Area,valueact.com,Activist investing,$16B+,ESG focus; takes board seats,1,N/A,~20,Hires pre-MBA analysts and occasionally MBA grads,,
Dodge & Cox,Asset Manager,San Francisco,CA,Bay Area,dodgeandcox.com,Value-oriented,$300B+,Equity and fixed income,1,N/A,N/A,"Recruits MBA grads from Stanford, Berkeley",,
Woodline Partners,Hedge Fund,San Francisco,CA,Bay Area,woodlinepartners.com,Fundamental L/S equity,N/A,Tech-driven analytics,2,N/A,N/A,,,
Two Sigma (SF Office),Hedge Fund,San Francisco,CA,Bay Area,twosigma.com,Quantitative,$60B+,Major SF presence,1,N/A,N/A,,,
Point72 (SF Office),Hedge Fund,San Francisco,CA,Bay Area,point72.com,Multi-strategy,$35B+,Steve Cohen's fund,1,N/A,N/A,,,
Oaktree Capital Management,Hedge Fund/PE,Los Angeles,CA,Los Angeles,oaktreecapital.com,"Distressed debt, credit, PE, real estate",$169B,N/A,1,1995,N/A,"Howard Marks co-founded; MBA associate program from Wharton, UCLA",,
DoubleLine Capital,Hedge Fund,Los Angeles,CA,Los Angeles,N/A,"Fixed income, credit",$90B+,N/A,1,2009,N/A,,,
Canyon Capital Advisors,Hedge Fund,Los Angeles,CA,Los Angeles,N/A,"Value-oriented, event-driven, distressed",$13.5B+,N/A,1,N/A,N/A,"Hires MBAs for research roles from UCLA Anderson, USC",,
TCW Group,Asset Manager,Los Angeles,CA,Los Angeles,N/A,"Fixed income, equity, alternatives",$200B+,N/A,1,1971,N/A,Recruits MBA grads from Anderson for fixed-income research,,
Empyrean Capital,Hedge Fund,Los Angeles,CA,Los Angeles,N/A,Multi-strategy,N/A,Goldman vets founded,2,2004,N/A,,,
Universa Investments,Hedge Fund,Los Angeles,CA,Los Angeles,N/A,Tail risk,N/A,Nassim Taleb's Black Swan fund,2,N/A,N/A,,,
Kayne Anderson,Hedge Fund,Los Angeles,CA,Los Angeles,N/A,"Energy infrastructure, real estate, credit",$33B+,N/A,1,N/A,N/A,,,
Beach Point Capital,Hedge Fund,Los Angeles,CA,Los Angeles,N/A,Credit,Credit,N/A,2,N/A,N/A,,,
Post Advisory Group,Hedge Fund,Los Angeles,CA,Los Angeles,N/A,"High yield, distressed",Credit,N/A,2,N/A,N/A,,,
Cercano Management,Family Office,Bellevue,WA,PNW,N/A,UHNW families,$10-10.5B,Spun from Paul Allen's Vulcan Capital; largest position: Microsoft,2,N/A,N/A,,,
Brighton Jones,Family Office,Seattle,WA,PNW,brightonjones.com,UHNW,N/A,"Amazon, Boeing, Microsoft exec comp expertise",3,N/A,N/A,,,
Caprock,Family Office,Mercer Island,WA,PNW,caprock.com,"UHNW, impact strategies",N/A,Multi-family office,3,N/A,N/A,,,
Bessemer Trust (Seattle),Family Office,Seattle,WA,PNW,bessemertrust.com,UHNW,N/A,118+ year history,3,N/A,N/A,,,
BNY Wealth (Seattle),Family Office,Seattle,WA,PNW,bny.com/wealth,"Business owner transitions, family offices",N/A,N/A,3,N/A,N/A,,,
The Clarius Group,Family Office,Seattle,WA,PNW,clariusgroup.com,Intergenerational wealth,N/A,Shared family office,3,N/A,N/A,,,
Hoban Family Office,Family Office,Seattle,WA,PNW,hobanfamilyoffice.com,Real estate focus,$5B+ managed,N/A,3,N/A,N/A,,,
Ferguson Wellman Capital Management,Family Office,Portland,OR,PNW,fergusonwellman.com,Employee-owned,$8.9B,"1,026 clients; CNBC Top 100 (#10 in 2024)",2,1975,N/A,,,
Octavia Group,Family Office,Portland,OR,PNW,N/A,Private family office,N/A,$10M minimum; Ferguson Wellman division,3,N/A,N/A,,,
Becker Capital Management,Family Office,Portland,OR,PNW,beckercap.com,ESG/impact focus,~$5B,"Also Seattle, Bend, Boise",2,1976,N/A,,,
Vista Capital Partners,Family Office,Portland,OR,PNW,N/A,"Wealth management, financial planning",N/A,N/A,3,N/A,N/A,,,
Campbell Global,Family Office,Portland,OR,PNW,N/A,Timberland investment,N/A,Specialist,3,1981,N/A,,,
RVK Inc.,Family Office,Portland,OR,PNW,N/A,Investment consulting,N/A,Institutions,3,1985,N/A,,,
ICONIQ Capital,Family Office,San Francisco,CA,Bay Area,iconiqcapital.com,Multi-family office,N/A,Early Facebook executives; tech entrepreneurs,1,2011,N/A,,,
Fremont Group,Family Office,San Francisco,CA,Bay Area,N/A,Bechtel Family SFO,N/A,"Industrials, life sciences, tech",2,N/A,N/A,,,
Dolby Family Ventures,Family Office,San Francisco,CA,Bay Area,N/A,Tech VC,N/A,"Ray Dolby family; digital media, security, cloud",2,N/A,N/A,,,
Baruch Future Ventures,Family Office,San Francisco,CA,Bay Area,N/A,Climate/VC,N/A,"Tom Baruch; clean energy, food, water",2,N/A,N/A,,,
Cresset Capital,Family Office,San Francisco,CA,Bay Area,cressetcapital.com,UHNW MFO,N/A,True fiduciary; private investment access,2,N/A,N/A,Two-year post-MBA Rotational Analyst program,,
Callan Family Office,Family Office,San Francisco,CA,Bay Area,callanfamilyoffice.com,UHNW,N/A,Callan LLC partnership; institutional-grade,2,N/A,N/A,,,
Bessemer Trust (SF),Family Office,San Francisco,CA,Bay Area,bessemertrust.com,UHNW,N/A,118+ year history,3,N/A,N/A,,,
Willcrest Partners,Family Office,San Francisco,CA,Bay Area,willcrest.com,B2B services,N/A,Family office backed; $1-5M EBITDA companies,2,N/A,N/A,,,
Guggenheim Partners,Family Office,Santa Monica,CA,Los Angeles,N/A,"Investment management, family office",$285B+,N/A,1,N/A,N/A,,,
Core Family Office,Family Office,Los Angeles,CA,Los Angeles,N/A,UHNW,N/A,"Tax strategy, investments, lifestyle management",3,N/A,N/A,,,
Rockefeller Global Family Office,Family Office,Los Angeles,CA,Los Angeles,N/A,MFO,N/A,Expanding LA presence,2,N/A,N/A,,,
UBS Private Family Wealth Partners,Family Office,Los Angeles,CA,Los Angeles,N/A,Entertainment clientele,$40B+,Family office resources,2,N/A,N/A,,,
Morgan Stanley Graystone West LA,Family Office,Los Angeles,CA,Los Angeles,N/A,MFO services,N/A,"Hedge fund access, PE access",2,N/A,N/A,,,
HCVT,Family Office,West LA/Encino,CA,Los Angeles,N/A,Business management,N/A,Media & entertainment focus,3,N/A,N/A,,,
Sorenson Capital,Private Equity,Salt Lake City,UT,Mountain West,N/A,"Tech, healthcare, climate tech",~$1.0B,Growth-stage and small buyouts,2,N/A,N/A,Regional leader; invests in Silicon Slopes companies,,Actively hires BYU Marriott MBAs and ex-consultants
Peterson Partners,Private Equity,Salt Lake City,UT,Mountain West,N/A,"Consumer, services, search funds",N/A,Lower-middle-market PE and venture,2,N/A,N/A,Founded by Joel Peterson (ex-Blackstone); strong BYU network; Search Fund incubator,,Hires pre-MBA analysts (often BYU grads) and occasionally MBA associates
Mercato Partners,Private Equity,Salt Lake City,UT,Mountain West,N/A,"Tech, branded consumer (Traverse, Savory)",N/A,Growth equity,2,2007,N/A,"Stance, Cotopaxi investments; Traverse (growth), Alpha (secondaries), Savory (F&B)",,Recruits associates with finance backgrounds; considers MBA hires with operational experience
Kickstart Fund,Venture Capital,Salt Lake City,UT,Mountain West,N/A,Mountain West startups,~$220M,Seed-stage,2,N/A,~10,Most active seed VC in Utah; 100+ startups backed,,Often hires recent grads or MBA interns from BYU/Utah
Tower Arch Capital,Private Equity,Draper,UT,Mountain West,N/A,Family-owned businesses,N/A,Lower middle-market control,2,N/A,N/A,Inc. Founder-Friendly list; 2-year associate commitments from IB analysts,,Active recruiter of associates
Pelion Venture Partners,Venture Capital,Salt Lake City,UT,Mountain West,N/A,"Enterprise software, internet",~$600M,Early-stage,2,1986,~10,"Divvy, Riverbed portfolio; spun from Novell",,Occasionally hires pre-MBA analysts (U of Utah grads)
Crewe Capital,Investment Banking,Salt Lake City,UT,Mountain West,crewe.com,"M&A, private capital advisory",N/A,Middle-market,3,N/A,N/A,Focus on Utah's growth companies; taps BYU Marriott network,,
Class VI Partners,Investment Banking,Denver,CO,Mountain West,classvipartners.com,"M&A, exit planning",N/A,Mid-market,2,N/A,N/A,Also serves Utah companies; CU Boulder/BYU MBAs on team,,
SDR Ventures,Investment Banking,Denver,CO,Mountain West,sdrventures.com,"Agribusiness, manufacturing, healthcare",N/A,Sell-side M&A for entrepreneur-owned,2,N/A,N/A,Recruits analysts from Colorado universities,,
W.G. Nielsen & Co.,Investment Banking,Denver,CO,Mountain West,wgnielsen.com,Mid-market M&A,N/A,Middle-market company sales,3,N/A,N/A,Founded by former Boettcher bankers; very small; hires via networks,,
Excellere Partners,Private Equity,Denver,CO,Mountain West,N/A,"Healthcare, industrial",~$730M,Founder-led companies,2,2006,N/A,Recruits associates with IB/consulting backgrounds; MBA hiring from Rockies schools,,
Mountaingate Capital,Private Equity,Denver,CO,Mountain West,N/A,"Marketing services, business services",~$300M,Lower middle-market,2,N/A,~15,Spun out of KRG Capital; hires pre-MBA associates from Denver IBs,,
Grey Mountain Partners,Private Equity,Boulder,CO,Mountain West,N/A,Industrial companies,N/A,Lower middle-market,3,2003,N/A,Acquires underperforming industrial companies; small team,,Opportunistic MBA hiring
Bow River Capital,Private Equity,Denver,CO,Mountain West,N/A,"Industrial services, healthcare, software",N/A,Multi-strategy alternative asset manager,2,N/A,N/A,Launched Evergreen Fund for individual investors; RailPros acquisition,,
Platte River Equity,Private Equity,Denver,CO,Mountain West,N/A,"Industrial, aerospace, chemical",N/A,Lower middle-market,2,2006,N/A,Inc. Founder-Friendly Investors list (2022-2024),,
KSL Capital Partners,Private Equity,Denver,CO,Mountain West,N/A,Travel and Leisure,Multi-billion,"Ski resorts, luxury hotels",1,N/A,N/A,Owns iconic ski resorts and hotel chains; recruits hospitality-focused bankers,,
Janus Henderson Investors,Asset Manager,Denver,CO,Mountain West,N/A,"Equity, fixed income",N/A,Multi-strategy,1,N/A,N/A,Anchor of Denver financial community; research associate program; hires CU Denver MBAs,,
ArrowMark Partners,Hedge Fund,Denver,CO,Mountain West,N/A,"Leveraged loans, equity, CLOs",$20B+,Alternative,2,N/A,N/A,Hires analysts and MBA grads for credit research; recruits from DU Daniels,,
Foundry Group,Venture Capital,Boulder,CO,Mountain West,N/A,Early-stage tech,~$1B,Seed/Series A,2,N/A,N/A,Brad Feld's firm; venture fellows through CU Boulder; no formal MBA hiring,,
Access Venture Partners,Venture Capital,Denver,CO,Mountain West,N/A,Enterprise software,N/A,Mid-sized,3,N/A,4-Mar,Sometimes takes interns from DU/CU,,
Techstars,Venture Capital/Accelerator,Boulder,CO,Mountain West,N/A,Accelerators globally,N/A,Seed,2,N/A,N/A,Hires program managers - often MBA grads with startup passion,,
Montage Partners,Private Equity,Scottsdale,AZ,Southwest,N/A,People-First Private Equity,$1.5M-$7M EBITDA,Lower middle-market,2,N/A,N/A,"Active Associate recruiter; hires from Stephens, Platte River, Wharton",,
Grayhawk Capital,Venture Capital,Phoenix,AZ,Southwest,N/A,"B2B SaaS, Healthcare IT, Cybersecurity",N/A,Early-stage,2,N/A,N/A,Longest-tenured venture firm in Arizona; Picmonic investment,,
Pinewell Capital,Private Equity,Scottsdale,AZ,Southwest,N/A,"Manufacturing, industrial services",N/A,Lower middle-market,3,N/A,N/A,Hands-on operational improvements; sector-agnostic,,
Tallwave Capital,Venture Capital,Phoenix,AZ,Southwest,N/A,Seed-stage software,~$15M,Seed,3,N/A,N/A,Small fund; hires via network,,
Northrim Horizon,Private Equity,Mesa,AZ,Southwest,N/A,Permanent Capital,N/A,Micro-PE,3,N/A,N/A,Holds businesses indefinitely; appeals to legacy-minded founders,,
Persient Capital,Investment Banking,Phoenix,AZ,Southwest,persient.com,M&A advisory,N/A,Mid-sized companies,3,N/A,N/A,Helps mid-sized AZ companies sell or raise capital,,
Bridgepoint Investment Banking,Investment Banking,Omaha,NE,Midwest,N/A,"Agribusiness, energy, Midwest companies",N/A,M&A and capital raising,2,N/A,N/A,"Occasionally hires local finance talent (Nebraska, Creighton grads)",,
McCarthy Capital,Private Equity,Omaha,NE,Midwest,N/A,Growth-oriented companies,$30-125M investments,Middle-market,2,1986,~20,"Omaha Steaks, Medaxion portfolio; long-term partnership focus",,Hires analysts (Creighton/Nebraska grads) and MBA associates
First Capital Partners,Private Equity,Omaha,NE,Midwest,N/A,Mezzanine debt and equity,$10-100M revenue companies,Junior capital,3,2006,~8,"BedJet, NeoSystems portfolio; flexible capital for expansions",,Hires candidates with credit analysis/banking background
Percipio Partners,Private Equity,Omaha,NE,Midwest,N/A,"Multifamily RE, farmland, venture",N/A,Multi-family office style,3,2008,N/A,Broad asset class approach; hires via personal network,,
Panorama Point Partners,Private Equity,Omaha,NE,Midwest,N/A,"Healthcare, software, impact",N/A,Expansion-stage,2,N/A,6-May,Founder managed ~$5B at Capricorn (Jeff Skoll's firm); impact-focused,,Seeks candidates with finance and impact investing experience
Weitz Investment Management,Asset Manager,Omaha,NE,Midwest,weitzinvestments.com,Value-oriented,~$4B,Long-term stock picking,2,N/A,N/A,Omaha's other Warren; Buffett-style value investing,,Hires analysts with deep fundamental research skills; MBA/CFA common
Bird Dog Equity Partners,Private Equity,Sioux Falls,SD,Midwest,N/A,"Midwest companies (franchised restaurants, industrial)",N/A,Lower-mid-market,3,N/A,N/A,"Founded by SD entrepreneurs; hires sporadically (USD, SDSU alumni)",,
Bluestem Capital,Private Equity,Sioux Falls,SD,Midwest,N/A,"Regional businesses, venture",~$150M,Middle-market,3,1993,N/A,May hire interns from USD; small investment staff,,
South Dakota Trust Company,Trust Company,Sioux Falls,SD,Midwest,sdtrustco.com,Trust administration for UHNW,$100B+ administered,1000+ trusts,2,2002,~80,Leader in trust admin; also SDTC Direct for alternatives,,Hires trust officers (JD/CFP) and family office investment analysts
William Blair,Investment Banking,Chicago,IL,Midwest,N/A,"Middle-market M&A, equity research",~1700 employees,Full-service middle-market,1,N/A,N/A,Leading middle-market IB; recruits MBAs from Booth/Kellogg,,
Lincoln International,Investment Banking,Chicago,IL,Midwest,N/A,Mid-market M&A specialist,N/A,Middle-market,1,N/A,N/A,"Global offices; actively hires analysts and MBA associates (Chicago, Northwestern)",,
Mesirow Financial,Investment Banking,Chicago,IL,Midwest,mesirow.com,Family-owned business sales,N/A,Mid-market,2,N/A,N/A,Recruits experienced professionals; some MBAs,,
Loop Capital,Investment Banking,Chicago,IL,Midwest,N/A,"Public finance, advisory",N/A,Full-service,2,N/A,N/A,Minority-owned; recruits from local universities,,
GTCR,Private Equity,Chicago,IL,Midwest,N/A,"TMT, healthcare, fintech",$7B+,Middle/upper-middle market,1,1980,N/A,"Leaders Strategy (backing experienced CEOs); recruits top MBAs (Booth, Kellogg, HBS)",,
Madison Dearborn Partners,Private Equity,Chicago,IL,Midwest,N/A,"Communications, consumer, health, industrial",~$28B,Middle/upper-middle market buyouts,1,N/A,N/A,Regularly hires MBA associates (2-3 years IB); strong Booth ties,,
Shore Capital Partners,Private Equity,Chicago,IL,Midwest,N/A,"Micro-cap healthcare, food, business services",~$600M,Lower middle-market,1,N/A,N/A,Very active dealmaker (platform + add-ons); hires pre-MBA analysts and post-MBA VPs,,
Kinzie Capital Partners,Private Equity,Chicago,IL,Midwest,N/A,"Consumer, manufactured products, fintech",N/A,Lower middle-market,3,N/A,N/A,Female-founded; runs accelerator for portfolio ops; recruits locally,,
Water Street Healthcare Partners,Private Equity,Chicago,IL,Midwest,N/A,Healthcare exclusively,N/A,Mid-market,2,N/A,N/A,Often hires healthcare industry experience + MBA,,
Chicago Ventures,Venture Capital,Chicago,IL,Midwest,N/A,Chicago and Midwest startups,~$100M,Seed,2,N/A,~8,Engages with UChicago and Kellogg; associate program,,
M25,Venture Capital,Chicago,IL,Midwest,N/A,Midwest startups exclusively,~$30M,Micro-VC,2,N/A,N/A,Invests across 12 Midwest states; hires interns from local MBA programs,,
Lightbank,Venture Capital,Chicago,IL,Midwest,N/A,Disruptive tech,N/A,Early-stage,2,N/A,6-May,Founded by Groupon co-founders; networking with Booth entrepreneurs,,
Hyde Park Venture Partners,Venture Capital,Chicago,IL,Midwest,N/A,Seed-Series A Midwest,$250M,Seed-A,2,N/A,N/A,"Data-driven investing; offers MBA internships (Kellogg VC Lab, Booth PE/VC lab)",,
Pritzker Group,Private Equity/VC,Chicago,IL,Midwest,N/A,Venture capital and middle-market PE,N/A,Multi-strategy,1,N/A,N/A,Family office with VC and PE arms; MBA fellowship and post-MBA associate hiring,,
Cresset Capital (Chicago),Family Office,Chicago,IL,Midwest,cressetcapital.com,UHNW multi-family office,N/A,Private investments,1,N/A,N/A,Two-year post-MBA Rotational Analyst program; fast-growing,,
Harrison Street,Private Equity,Chicago,IL,Midwest,N/A,Real estate alt asset manager,N/A,Real estate PE,2,N/A,N/A,Started as family office; recruits MBAs for real estate PE roles,,
Piper Sandler,Investment Banking,Minneapolis,MN,Midwest,pipersandler.com,"Healthcare, industrials, consumer",N/A,Top middle-market bank,1,N/A,N/A,"Strong regional recruiter (U of Minnesota, Carlson grads)",,
Norwest Equity Partners,Private Equity,Minneapolis,MN,Midwest,N/A,"Consumer, industrial, agri-business",N/A,Middle-market buyouts,2,N/A,N/A,"Long-standing Minneapolis PE; hires from Piper/Wells Fargo and Kellogg, Carlson",,
ShoreView Industries,Private Equity,Minneapolis,MN,Midwest,N/A,Niche manufacturing/services,N/A,Middle-market,3,N/A,N/A,Lean team; some Carlson MBA alums,,
Tonka Bay Equity Partners,Private Equity,Minneapolis,MN,Midwest,N/A,Midwest companies,$5-25M investments,Lower mid-market,3,N/A,N/A,Small team; hires via local connections,,
Arthur Ventures,Venture Capital,Minneapolis/Fargo,MN,Midwest,N/A,B2B software in non-coastal markets,N/A,Early-growth,2,N/A,N/A,Often hires associates from undergrad or industry; open to MBAs with product/tech,,
Matchstick Ventures,Venture Capital,Minneapolis,MN,Midwest,N/A,Rockies & North region startups,N/A,Seed,3,N/A,N/A,Run by Techstars alumni; engages with U of Minnesota for interns,,
Whitebox Advisors,Hedge Fund,Minneapolis,MN,Midwest,N/A,Credit and equity strategies,~$5B,Multi-strategy,2,N/A,N/A,Founded by Andy Redleaf; has hired UMN Carlson MBAs,,
VÃ¤rde Partners,Hedge Fund/PE,Minneapolis,MN,Midwest,N/A,"Alt credit, distressed",~$14B,Credit investing,1,N/A,N/A,"Hires MBAs for Associate programs; recruits at Wharton, Chicago",,
CarVal Investors,Hedge Fund,Minneapolis,MN,Midwest,N/A,"Distressed, credit",~$10B,Special situations,2,N/A,N/A,Ex-Cargill fund; hires with strong credit background (MBA + CPA/banking),,
Tudor Pickering Holt,Investment Banking,Houston,TX,Texas,N/A,Energy-focused M&A,N/A,Energy sector (oil & gas),1,N/A,~70,"Leading energy IB (now part of Perella Weinberg); recruits MBAs from McCombs, Rice",,
Stephens Inc.,Investment Banking,Dallas,TX,Texas,N/A,Southwest deals,N/A,Mid-market,2,N/A,N/A,Little Rock-based with Dallas office; recruits from Texas and SEC schools,,
HBK Capital Management,Hedge Fund,Dallas,TX,Texas,N/A,"Multi-strategy, arbitrage",~$10B,Multi-strategy,2,N/A,N/A,Occasionally hires exceptionally qualified MBAs (prior HF/sell-side experience),,
Corriente Advisors,Hedge Fund,Fort Worth,TX,Texas,N/A,Global macro,N/A,Macro,3,N/A,N/A,Led by Mark Hart; occasionally hires analysts with strong economics,,
Q Investments,Hedge Fund/PE,Fort Worth,TX,Texas,N/A,"Distressed, special situations",$1B+,Hybrid HF/PE,2,N/A,N/A,"Known to hire and train young talent from UT Austin, TCU; intense culture",,
Balyasny Asset Management (TX),Hedge Fund,Austin/Dallas,TX,Texas,N/A,Multi-strategy,N/A,Multi-strategy,2,N/A,N/A,Expanded in Texas; posts openings for sector analysts; MBAs with experience,,
Crow Holdings,Family Office,Dallas,TX,Texas,N/A,"Real estate, PE, hedge funds",N/A,Diversified asset manager,1,N/A,N/A,Trammell Crow family office; hires MBAs for real estate PE and development,,Recruits from Texas MBA programs
Hunt Investment Group,Family Office,Dallas,TX,Texas,N/A,"Energy, real estate, venture",N/A,Family office,2,N/A,N/A,"Ray Hunt family; likely hires energy-focused MBAs (Texas A&M, UT)",,
Perot Investments,Family Office,Dallas,TX,Texas,N/A,"Tech, real estate, PE",N/A,Family office with venture arm (Perot Jain),2,N/A,N/A,Occasionally posts analyst/associate roles; prefers military/tech backgrounds,,
Mercury Fund,Venture Capital,Houston,TX,Texas,N/A,"SaaS, data science in Midcontinent",N/A,Early-stage,2,N/A,N/A,"Partner in Utah; has hired MBA interns from Rice, UT Austin",,
Five Elms Capital,Private Equity,Kansas City,MO,Midwest,N/A,B2B software/SaaS,~$700M,Growth equity,2,N/A,N/A,Recruits analysts from KU/KSU or Chicago bankers; MBA hires from regional schools,,
Great Range Capital,Private Equity,Kansas City,MO,Midwest,N/A,Kansas/Midwest companies,~$200M,Lower mid-market,3,2010,~6,"Founded by KC natives; occasionally hires (Kansas, Mizzou MBAs)",,
Koch Disruptive Technologies,Corporate Venture,Wichita,KS,Midwest,N/A,"Growth-stage tech, industrial innovation",N/A,Venture/PE,1,N/A,N/A,"Koch Industries arm; hires MBAs (especially engineering + MBA from MIT, Chicago)",,
Drive Capital,Venture Capital,Columbus,OH,Midwest,N/A,Rise of the Rest regions,$1B+,Multi-stage,1,N/A,N/A,Ex-Sequoia partners; has hired multiple MBAs with Midwest connections,,
Rev1 Ventures,Venture Capital,Columbus,OH,Midwest,N/A,Startup studio + VC,N/A,Early-stage,3,N/A,N/A,Connected to Ohio State; MBA grads can join EIR program,,
Walton Enterprises,Family Office,Bentonville,AR,Midwest,N/A,"PE funds, energy investments",N/A,Multi-billion family office,3,N/A,N/A,Walmart heirs; quietly hires seasoned investors; not entry-level,,
Piper Group International,Investment Banking,Portland,OR,PNW,N/A,Middle-market sell-side,N/A,National,3,N/A,N/A,40+ years old; emphasizes improving clients' positions,,
The London Manhattan Co.,Investment Banking,Portland,OR,PNW,N/A,"Complex financings, restructurings",N/A,N/A,3,N/A,N/A,,,
Madison Street Capital,Investment Banking,Portland,OR,PNW,N/A,Middle-market corporate finance,N/A,N/A,3,N/A,N/A,MSC-BD division presence in PDX,,
Drake Star Partners,Investment Banking,San Francisco,CA,Bay Area,N/A,"Tech, healthcare M&A",N/A,N/A,2,N/A,N/A,,,
AGC Partners,Investment Banking,San Francisco,CA,Bay Area,N/A,Tech M&A,N/A,N/A,2,N/A,N/A,West Coast team,,
RA Capital Advisors,Investment Banking,San Diego,CA,San Diego,raca.com,Sell-side M&A,N/A,First-time sellers,2,N/A,N/A,Ex-Drexel banker Ken Lodwig founded; very selective,,
Objective Capital Partners,Investment Banking,San Diego,CA,San Diego,objectiveibv.com,Lower middle-market M&A,N/A,500+ deals,2,2006,N/A,M&A advisory and valuation; SoCal focus,,"Might recruit from UCSD, USD"
W Partners,Investment Banking,San Diego,CA,San Diego,wpartners.com,Boutique M&A,N/A,"M&A, capital solutions",3,N/A,N/A,Also Utah presence,,
JCF Capital Markets,Investment Banking,San Diego,CA,San Diego,N/A,M&A boutique,N/A,N/A,3,N/A,<10,,,
Claiborne Advisors,Investment Banking,San Diego,CA,San Diego,N/A,M&A boutique,N/A,N/A,3,N/A,<10,,,
Colonnade,Investment Banking,Phoenix,AZ,Southwest,N/A,Financial services M&A,N/A,N/A,3,N/A,N/A,,,
HGGC,Private Equity,Palo Alto,CA,Bay Area,hggc.com,"Tech, business services",~$4B,Mid-market,1,N/A,N/A,Co-founded by Steve Young; Utah (Silicon Slopes) focus,,Recruits MBAs with BYU/Utah connections
Telegraph Hill Partners,Private Equity,San Francisco,CA,Bay Area,N/A,"Life sciences, medical tech",~$800M,Growth equity,2,2001,N/A,Lean team with deep sector expertise,,Hires those with advanced science degrees + MBA
Clearlake Capital,Private Equity,Santa Monica,CA,Los Angeles,clearlake.com,"Software, industrials",~$70B,Buyouts,1,N/A,N/A,Top-performing PE; co-founded by JosÃ© Feliciano (Stanford MBA),,Recruits from top programs
Platinum Equity,Private Equity,Beverly Hills,CA,Los Angeles,platinumequity.com,"Industrials, tech",~$25B,Operational turnarounds,1,N/A,N/A,Founded by Tom Gores,,Hires MBA associates
OpenGate Capital,Private Equity,Los Angeles,CA,Los Angeles,opengatecapital.com,Lower middle-market,N/A,Turnarounds,3,N/A,N/A,Lean team; TV Guide acquisition,,Opportunistic MBA hires
Mosaic Capital,Private Equity,Los Angeles,CA,Los Angeles,N/A,"Media, tech",N/A,Growth equity,3,N/A,N/A,,,
Phoenix Capital Partners,Private Equity,Phoenix,AZ,Southwest,N/A,Local LMM PE,N/A,N/A,3,N/A,N/A,,,
SeaChange Fund,Venture Capital,Seattle,WA,PNW,N/A,Seattle startups,N/A,Angel/seed,3,N/A,N/A,,,
Curious Capital,Venture Capital,Seattle,WA,PNW,N/A,Tech startups,N/A,N/A,3,N/A,N/A,Spin-out from Curious Office incubator,,
Unlock Venture Partners,Venture Capital,Seattle,WA,PNW,N/A,Tech startups,N/A,Seed,3,N/A,N/A,Seattle & LA seed fund,,
DCM Ventures,Venture Capital,Menlo Park,CA,Bay Area,dcm.com,US-Asia cross-border,~$4B,Early-stage,1,N/A,N/A,Recruits at Stanford GSB; hires pre-MBA associates,,Bilingual talent valued for US-Asia focus
Sapphire Ventures,Venture Capital,Palo Alto,CA,Bay Area,sapphireventures.com,Enterprise tech,~$8B,Series B+,1,N/A,~25,Spun out of SAP; MBA summer associate program,,"Actively hires MBA interns from Wharton, Harvard"
Moonshots Capital,Venture Capital,Los Angeles,CA,Los Angeles,N/A,Veteran-founded startups,~$40M,Seed,3,N/A,N/A,GPs are ex-military MBAs,,Engages with UCLA Anderson veteran community
Okapi Ventures,Venture Capital,Irvine,CA,Los Angeles,N/A,Seed VC,N/A,Seed,3,N/A,N/A,Collaborates with UC Irvine MBA,,
Section 32,Venture Capital,San Diego,CA,San Diego,N/A,"Life sciences, tech",~$400M,N/A,2,N/A,N/A,Founded by ex-Google Ventures head Bill Maris,,Looks for MD/PhDs or experienced tech MBAs
Avalon Ventures,Venture Capital,La Jolla,CA,San Diego,N/A,Life sciences,N/A,N/A,3,N/A,N/A,Long-running fund,,Hires PhD scientists; MBAs with biotech experience
Analytics Ventures,Venture Capital,San Diego,CA,San Diego,N/A,AI startups,N/A,Incubator/seed,3,N/A,N/A,Lean team,,Has had MBA interns from UCSD Rady
BoomStartup,Venture Capital,Utah,UT,Mountain West,N/A,Accelerator VC,N/A,Seed,3,N/A,N/A,Similar to TechStars; accelerator program,,Offers fellowship for MBA students
PHX Ventures,Venture Capital,Phoenix,AZ,Southwest,N/A,Tech startups,N/A,N/A,3,N/A,N/A,Local serial entrepreneurs,,
Arizona Tech Investors,Venture Capital,Phoenix,AZ,Southwest,N/A,Angel network,N/A,Angel/seed,3,N/A,N/A,,,
Virgin Pulse Ventures,Venture Capital,Minneapolis,MN,Midwest,N/A,Healthtech,N/A,N/A,3,N/A,N/A,Tied to Virgin Pulse; Mayo Clinic/UnitedHealth presence in MN,,Sometimes hires MBA interns
Sentiero Ventures,Venture Capital,Dallas,TX,Texas,N/A,AI-focused,N/A,Seed,3,N/A,N/A,,,
Cypress Growth Capital,Venture Capital,Dallas,TX,Texas,N/A,Royalty-based growth,N/A,Growth,3,N/A,N/A,,,
Perot Jain,Venture Capital,Dallas,TX,Texas,N/A,Seed,N/A,Seed,3,N/A,N/A,Ross Perot Jr. seed fund,,
Summit Global,Hedge Fund,Portland,OR,PNW,N/A,Wealth advisory,N/A,N/A,3,N/A,N/A,Bill Parish affiliated,,
Broadmark Asset Management,Hedge Fund,Portland,OR,PNW,N/A,Long/short equity,~$1B,Tactical allocation,3,N/A,N/A,,,Might hire CFA/MBA as analyst
Winton,Hedge Fund,San Francisco,CA,Bay Area,winton.com,Quantitative,~$10B+,Systematic strategies,2,N/A,N/A,UK-based; SF research office,,Hires quant PhDs; occasionally MBAs for strategy roles
Coatue,Hedge Fund,Menlo Park,CA,Bay Area,coatue.com,Tech long/short,Multi-billion,N/A,1,N/A,N/A,Tiger Cub tech fund,,Might hire MBAs with deep tech backgrounds (ex-engineers)
Holocene Advisors,Hedge Fund,San Francisco,CA,Bay Area,N/A,OCIO/HF strategies,N/A,N/A,3,N/A,N/A,Client-facing HF analytics,,Could be MBA employer
Dalton Investments,Hedge Fund,Santa Monica,CA,Los Angeles,daltoninvestments.com,Value-oriented,~$3B,"Asia, emerging markets",2,N/A,~15,Founded by Jamie Rosenwald,,Occasionally hires MBA grads with international value interest
Axon Capital,Hedge Fund,San Diego,CA,San Diego,N/A,Long/short equity,N/A,"Consumer, tech",3,N/A,N/A,Tiger cub alumnus,,"If hiring, wants pre-MBA or very experienced MBAs"
Brandes Investment Partners,Asset Manager,San Diego,CA,San Diego,brandes.com,Global value equity,~$20B,Value investing,2,N/A,N/A,Founded by Charles Brandes (Buffett disciple),,Hires CFA/MBA types for research
Granite Investment Partners,Hedge Fund,Denver,CO,Mountain West,N/A,Long-only with HF sleeve,N/A,N/A,3,N/A,N/A,,,Typically hires CFAs from local area
Grandeur Peak Global Advisors,Asset Manager,Salt Lake City,UT,Mountain West,N/A,Global micro/mid-cap,~$6B,Equities,2,N/A,N/A,Ex-Wasatch Funds PMs,,Often hire CFA/MBAs from BYU for analyst roles
Wasatch Global Investors,Asset Manager,Salt Lake City,UT,Mountain West,wasatchglobal.com,Small-cap growth,~$30B,Mutual funds,2,N/A,N/A,Marriott School pipeline,,Recruits MBAs for equity research
Astor Investment Management,Hedge Fund,Chicago,IL,Midwest,N/A,Macro,~$2B,N/A,3,N/A,N/A,,,Occasionally hires quant MBAs for research economist roles
Toronado Partners,Hedge Fund,Chicago,IL,Midwest,N/A,Long/short equity,N/A,Value/quality focus,3,N/A,4-Mar,Tiger Cub,,Might hire MBA with deep stock picking passion via idea pitches
PEAK6 Investments,Hedge Fund,Chicago,IL,Midwest,peak6.com,"Options trading, venture",N/A,Hybrid,2,N/A,N/A,Trading and venture incubator,,Hires many MBAs for non-traditional roles; recruits at Booth
Wealth Advisors Trust Company,Trust Company,Sioux Falls,SD,Midwest,wealthadvisorstrust.com,UHNW directed trusts,N/A,Trust administration,3,N/A,20-30,,,MBAs may join for complex family portfolio coordination
National Advisors Trust of SD,Trust Company,Sioux Falls,SD,Midwest,N/A,Trust services,N/A,Back-office,3,N/A,N/A,Advisor-owned,,Minimal direct investing roles
Peterson Ventures,Venture Capital,Salt Lake City,UT,Mountain West,N/A,Family VC arm,N/A,Seed,3,N/A,4-Mar,Part of Peterson Partners; early Vivint Solar investor,,Often hiring from BYU/Utah networks
Larry H. Miller Group,Family Office,Salt Lake City,UT,Mountain West,N/A,Diversified investments,N/A,N/A,3,N/A,N/A,"Car dealerships, Utah Jazz; Miller Ventures fund",,MBAs with corp dev/direct investing interest
DNS Capital,Family Office,Chicago,IL,Midwest,N/A,Multi-billion FO,N/A,Direct investing,2,N/A,N/A,Gigi Pritzker's family office,,Lean team of ex-consultants/bankers; hires occasionally from MBA programs
Zell Family Office (EGI),Family Office,Chicago,IL,Midwest,N/A,"Real estate, energy, VC",N/A,N/A,2,N/A,N/A,Sam Zell's investment arm (Equity Group Investments),,Has hired MBAs for investment analyst roles; values entrepreneurial grit
Crown Family (Henry Crown & Co.),Family Office,Chicago,IL,Midwest,N/A,"Defense, Aspen Ski Co",N/A,N/A,3,N/A,N/A,Very private,,Hires via connections (Northwestern/Kellogg network)
Wayzata Investment Partners,Family Office,Minneapolis,MN,Midwest,N/A,Distressed investing,N/A,N/A,3,N/A,N/A,Cargill/MacMillan families,,May re-emerge; MBAs might find roles via connections
Harrison Street,Private Equity,Chicago,IL,Midwest,harrisonst.com,Real estate PE,Multi-billion,Alt asset manager,2,N/A,N/A,Started as family office,,Recruits MBAs in real estate PE roles
Bain Capital,Private Equity,Boston,MA,Boston/New England,baincapital.com,"Consumer, Healthcare, Tech, Industrials",$105B+,N/A,1,1984,1000+,Flagship Boston PE; Growth PE pioneer,,"HBS, MIT Sloan, Wharton recruiting"
TA Associates,Private Equity,Boston,MA,Boston/New England,ta.com,"Tech, Healthcare, Financial Services",$33.5B+,N/A,1,1968,N/A,Growth PE pioneer since 1968,,"HBS, MIT Sloan, Stanford recruiting"
Summit Partners,Private Equity,Boston,MA,Boston/New England,summitpartners.com,"Tech, Healthcare, Business Services",$27B+,$10-500M per company,1,1984,N/A,"Backed Uber, LinkedIn; global reach",,"HBS, MIT Sloan recruiting"
Thomas H. Lee Partners,Private Equity,Boston,MA,Boston/New England,thl.com,"Healthcare, FinTech, Tech",$25B+,N/A,1,N/A,N/A,Middle-market growth focus,,"HBS, MIT Sloan, Wharton recruiting"
Berkshire Partners,Private Equity,Boston,MA,Boston/New England,berkshirepartners.com,"Business Services, Communications, Healthcare",$18B+,N/A,1,1984,N/A,"Founded 1984; Burlington Stores, Party City portfolio",,"HBS, MIT Sloan recruiting"
Audax Group,Private Equity,Boston,MA,Boston/New England,audaxgroup.com,Middle-market generalist,$39B,N/A,1,N/A,N/A,"Buy & Build strategy; 2,500+ transactions",,"HBS, Wharton, Columbia recruiting"
Advent International,Private Equity,Boston,MA,Boston/New England,adventinternational.com,"Healthcare, Industrial, Tech",$94B,N/A,1,N/A,N/A,Global PE with Boston roots,,"HBS, MIT Sloan, INSEAD recruiting"
Charlesbank Capital Partners,Private Equity,Boston,MA,Boston/New England,charlesbank.com,"Business Services, Healthcare, Tech",Multi-billion,$200M-$1.5B EV,1,1998,N/A,Spun from Harvard endowment,,"HBS, MIT Sloan recruiting"
HarbourVest Partners,Private Equity,Boston,MA,Boston/New England,harbourvest.com,"Fund of funds, Secondaries",$68B+,N/A,1,N/A,N/A,Global private markets specialist,,"HBS, MIT Sloan recruiting"
Great Hill Partners,Private Equity,Boston,MA,Boston/New England,greathillpartners.com,Tech-enabled businesses,Multi-billion,N/A,1,N/A,N/A,First institutional partner to founders,,"HBS, MIT Sloan recruiting"
Nonantum Capital Partners,Private Equity,Boston,MA,Boston/New England,nonantumcapital.com,Family/founder-owned,N/A,N/A,2,N/A,N/A,Inc.'s Founder-Friendly Investors 2025,,
WestView Capital Partners,Private Equity,Boston,MA,Boston/New England,westviewcap.com,"Business services, IT, healthcare tech",$2.7B,N/A,2,N/A,N/A,Growth companies focus,,
Silversmith Capital Partners,Private Equity,Boston,MA,Boston/New England,silversmithcap.com,"SaaS, Information Services, Healthcare IT",N/A,N/A,2,N/A,N/A,,,
Fort Point Capital,Private Equity,Boston,MA,Boston/New England,fortpointcapital.com,Service-oriented companies,N/A,N/A,2,N/A,N/A,Growth acceleration focus,,
Cohere Capital Partners,Private Equity,Boston,MA,Boston/New England,coherecapital.com,Tech-enabled lower middle-market,$215M Fund II,N/A,2,N/A,N/A,,,
Union Park Capital,Private Equity,Boston,MA,Boston/New England,unionparkcapital.com,Industrial technology,N/A,N/A,2,N/A,N/A,Organic + add-on strategy,,
Sverica Capital,Private Equity,Boston,MA,Boston/New England,svericacapital.com,"Tech, healthcare, industrial niches",N/A,N/A,2,N/A,N/A,Buy-and-build focus,,
Copley Equity Partners,Private Equity,Boston,MA,Boston/New England,copleyequity.com,Founder-led businesses,N/A,N/A,2,N/A,N/A,Family-office backed evergreen capital,,
H.I.G. Capital,Private Equity,Miami,FL,South Florida,higcapital.com,"Middle-market LBOs, growth equity, credit",$59B+,N/A,1,1993,~500,Global offices including LatAm; founded 1993,,Major recruiter of MBAs including Latin American students
Starwood Capital Group,Private Equity,Miami Beach,FL,South Florida,starwoodcapital.com,Global real estate PE,$115B,N/A,1,N/A,N/A,Barry Sternlicht; Miami Beach HQ,,Recruits post-MBA for real estate acquisitions
Sun Capital Partners,Private Equity,Boca Raton,FL,South Florida,suncappart.com,"Operational turnarounds, buyouts",$10B+,N/A,1,N/A,N/A,"Consumer, retail, industrial focus",,Recruits from Wharton and top MBA programs
AE Industrial Partners,Private Equity,Boca Raton,FL,South Florida,aeip.com,"Aerospace, defense, government services",$6B+,N/A,1,N/A,N/A,Boca Raton HQ,,
Trivest Partners,Private Equity,Coral Gables,FL,South Florida,trivest.com,Founder/family-owned businesses,$6B+ cumulative,N/A,1,1981,N/A,Oldest PE in Florida; since 1981,,"Recruits from UM, UF, and national programs"
Comvest Partners,Private Equity,West Palm Beach,FL,South Florida,comvest.com,"Middle-market buyouts, credit",$5.1B+,N/A,1,N/A,N/A,West Palm Beach HQ,,
Rialto Capital,Private Equity,Miami,FL,South Florida,rialtocapital.com,"Real estate, distressed, credit",$15.9B,N/A,1,N/A,N/A,Miami HQ,,
Hidden Harbor Capital,Private Equity,Tampa,FL,South Florida,hiddenharborpe.com,Lower middle market,$1.9B,N/A,2,N/A,N/A,Tampa HQ,,
I Squared Capital,Private Equity,Miami,FL,South Florida,isquaredcapital.com,Infrastructure PE with LatAm presence,$40B+,N/A,1,N/A,N/A,Miami HQ,,
Leste Group,Private Equity,Miami,FL,South Florida,lestegroup.com,"Alternative investments, LatAm focus",$2B+,N/A,2,N/A,N/A,,,
DaGrosa Capital Partners,Private Equity,Miami,FL,South Florida,dagrosacap.com,"Financial services, sports, LatAm",N/A,N/A,2,N/A,N/A,,,
The Carlyle Group,Private Equity,Washington,DC,DC/Mid-Atlantic,carlyle.com,"Aerospace, Defense, Government Services",$447B,N/A,1,1987,N/A,"Booz Allen, Two Six Technologies portfolio",,"Georgetown, Wharton, Darden recruiting"
Arlington Capital Partners,Private Equity,Chevy Chase,MD,DC/Mid-Atlantic,arlingtoncap.com,"Aerospace, Defense, Government, Healthcare",$8.0B,N/A,1,N/A,N/A,"BlueHalo, Neumo ($3B+) portfolio",,"Georgetown, Darden, Wharton recruiting"
Capitol Meridian Partners,Private Equity,Washington,DC,DC/Mid-Atlantic,capitolmeridian.com,"Defense technology, Government services",Mid-market,N/A,1,N/A,N/A,Ex-Carlyle A&D team,,"Georgetown, Darden recruiting"
Enlightenment Capital,Private Equity,Washington,DC,DC/Mid-Atlantic,enlightenmentcap.com,"Cybersecurity, National Security, Defense",Mid-market,N/A,1,N/A,N/A,Forterra ($238M Series C) portfolio,,"Georgetown, Darden recruiting"
DC Capital Partners,Private Equity,Alexandria,VA,DC/Mid-Atlantic,dccap.com,"Government Services, Engineering",Mid-market,N/A,1,N/A,N/A,Michael Baker International portfolio,,"Georgetown, UVA recruiting"
Godspeed Capital,Private Equity,Washington,DC,DC/Mid-Atlantic,godspeedcapital.com,"Defense, Government Services, Technology",Lower mid-market,N/A,2,N/A,N/A,SilverEdge acquisitions,,"Georgetown, Darden recruiting"
The Halifax Group,Private Equity,Washington,DC,DC/Mid-Atlantic,thehalifaxgroup.com,Lower middle-market diversified,N/A,$50-300M deals,2,N/A,N/A,,,"Georgetown, Darden recruiting"
The Brydon Group,Private Equity,Washington,DC,DC/Mid-Atlantic,thebrydongroup.com,"Software, B2B, Government, Healthcare",$270M,N/A,2,N/A,N/A,"24 deals, veteran-led",,"Georgetown, Darden recruiting"
EIG Global Energy Partners,Private Equity,Washington,DC,DC/Mid-Atlantic,eigpartners.com,Energy and infrastructure,$21B,N/A,1,N/A,N/A,Energy-focused PE,,Texas programs and Darden energy club
JMI Equity,Private Equity,Baltimore,MD,DC/Mid-Atlantic,jmiequity.com,Enterprise software,$6B+,N/A,1,N/A,N/A,B2B software focus,,
HCI Equity Partners,Private Equity,Washington,DC,DC/Mid-Atlantic,hciequity.com,Industrial-focused PE,N/A,N/A,2,N/A,N/A,,,
Ridgemont Equity Partners,Private Equity,Charlotte,NC,Charlotte/Southeast,ridgemontep.com,"Business services, industrial, healthcare",$8.5B+,N/A,1,N/A,N/A,,,"Kenan-Flagler, Fuqua recruiting"
Falfurrias Capital Partners,Private Equity,Charlotte,NC,Charlotte/Southeast,falfurriascapital.com,"Consumer, financial services, tech",$1.35B,N/A,1,N/A,N/A,Co-founded by former BofA CEO Hugh McColl,,"Kenan-Flagler, Fuqua recruiting"
Pamlico Capital,Private Equity,Charlotte,NC,Charlotte/Southeast,pamlicocapital.com,"Communications, healthcare, software",$1.75B,N/A,1,N/A,N/A,Formerly Wachovia Capital Partners,,"Kenan-Flagler, Fuqua recruiting"
Carousel Capital,Private Equity,Charlotte,NC,Charlotte/Southeast,carouselcapital.com,"Consumer, business services, healthcare",$300-400M/fund,N/A,2,N/A,N/A,,,Kenan-Flagler recruiting
Plexus Capital,Private Equity,Raleigh,NC,Charlotte/Southeast,plexuscapital.com,"Healthcare, business services, manufacturing",$3B+ debt; $345M PE,N/A,2,N/A,N/A,,,Kenan-Flagler recruiting
Capitala Group,Private Equity,Charlotte,NC,Charlotte/Southeast,capitalagroup.com,"Healthcare, technology, business services",$2.2B+ invested,N/A,2,N/A,N/A,,,Kenan-Flagler recruiting
NovaQuest Capital,Private Equity,Charlotte,NC,Charlotte/Southeast,novaquest.com,"Life sciences, healthcare",$1.8B,N/A,2,N/A,N/A,Spun out from Quintiles,,Kenan-Flagler recruiting
Frontier Growth,Private Equity,Charlotte,NC,Charlotte/Southeast,frontiergrowth.com,"Software, tech-enabled business services",$1.8B,N/A,2,N/A,N/A,,,Fuqua recruiting
Summit Park,Private Equity,Charlotte,NC,Charlotte/Southeast,summitparkllc.com,"Consumer, industrial growth, business services",N/A,$4-15M EBITDA,2,N/A,N/A,Lower middle-market focus,,
L Catterton,Private Equity,Greenwich,CT,Connecticut,lcatterton.com,Consumer-focused,$35B+,N/A,1,N/A,N/A,Largest consumer-focused PE in world,,
Stone Point Capital,Private Equity,Greenwich,CT,Connecticut,stonepoint.com,Financial services,$40B+,N/A,1,N/A,N/A,Major financial services specialist,,
Oak Hill Capital,Private Equity,Stamford,CT,Connecticut,oakhillcap.com,Multi-sector,$15B+,N/A,1,N/A,N/A,Buyout and growth equity,,
TSG Consumer Partners,Private Equity,Stamford,CT,Connecticut,tsgconsumer.com,Consumer/retail,$10B+,N/A,1,N/A,N/A,Stamford HQ,,
First Reserve,Private Equity,Greenwich,CT,Connecticut,firstreserve.com,Energy,$30B+,N/A,1,N/A,N/A,Energy-focused PE pioneer,,
Olympus Partners,Private Equity,Stamford,CT,Connecticut,olympuspartners.com,"Manufacturing, business services",$10B+,N/A,1,N/A,N/A,Stamford HQ,,
Greenbriar Equity Group,Private Equity,Greenwich,CT,Connecticut,greenbriarequity.com,Transportation/logistics,$5B+,N/A,1,N/A,N/A,Greenwich HQ,,
Gridiron Capital,Private Equity,New Canaan,CT,Connecticut,gridironcapital.com,"Consumer, healthcare, industrial",$2B+,N/A,2,N/A,N/A,Lower middle market,,
Clearview Capital,Private Equity,Stamford,CT,Connecticut,clearviewcap.com,Business services and healthcare,N/A,$4-20M EBITDA,2,N/A,N/A,150+ transactions,,
LongRange Capital,Private Equity,Stamford,CT,Connecticut,longrangecapital.com,Multi-sector,$1.5B,N/A,2,2019,N/A,Founded 2019,,
Hamilton Robinson Capital,Private Equity,Stamford,CT,Connecticut,hamiltonrobinson.com,Family-owned businesses,N/A,N/A,2,N/A,N/A,North America focus,,
Gemspring Capital,Private Equity,Westport,CT,Connecticut,gemspring.com,Multi-sector,$350M,N/A,2,N/A,N/A,,,
BHMS Investments,Private Equity,Westport,CT,Connecticut,bhmsinvestments.com,"Insurance services, business services",N/A,N/A,2,N/A,N/A,,,
Hamilton Lane,Private Equity,Conshohocken,PA,Philadelphia,hamiltonlane.com,Private markets broadly,$956B supervised,N/A,1,N/A,N/A,Global private markets leader,,
LLR Partners,Private Equity,Philadelphia,PA,Philadelphia,llrpartners.com,"Tech, Healthcare, Financial Services",$5B+,N/A,1,N/A,N/A,"CoreDial, Rizing, Phreesia portfolio",,Strong Wharton recruiting
Susquehanna Growth Equity,Private Equity,Bala Cynwyd,PA,Philadelphia,sge.com,"B2B Software, Fintech, Healthcare IT",$2B+,N/A,1,N/A,N/A,"Backed by SIG, permanent capital",,
Graham Partners,Private Equity,Newtown Square,PA,Philadelphia,grahampartners.net,"Industrial technology, Manufacturing",$3B+,N/A,1,N/A,N/A,Operational improvement focus,,
NewSpring Capital,Private Equity,Radnor,PA,Philadelphia,newspringcapital.com,"Healthcare, Tech, Diversified",$3B+,N/A,1,N/A,N/A,250+ investments,,
Lovell Minnick Partners,Private Equity,Philadelphia,PA,Philadelphia,lmp.com,"Financial Services, Fintech",$3B+,N/A,1,N/A,N/A,Growth-oriented specialist,,
FS Investments,Private Equity,Philadelphia,PA,Philadelphia,fsinvestments.com,"Credit, Private equity",$75B+,N/A,1,N/A,N/A,Major alternative asset manager,,
Renovus Capital Partners,Private Equity,Philadelphia,PA,Philadelphia,renovuscapital.com,"Education, training, human capital",$2B+,N/A,1,N/A,N/A,Knowledge and Talent industries specialist,,
Lorient Capital,Private Equity,Philadelphia,PA,Philadelphia,lorientcapital.com,"Direct care, healthcare technology",$500M,N/A,2,N/A,N/A,Healthcare-focused,,
Roark Capital Group,Private Equity,Atlanta,GA,Atlanta,roarkcapital.com,"Franchise, restaurant, consumer",$37-41B,N/A,1,N/A,N/A,"Arby's, Dunkin', Orangetheory portfolio",,"Goizueta, GT recruiting"
MSouth Equity Partners,Private Equity,Atlanta,GA,Atlanta,msouthequity.com,"Business services, distribution, manufacturing",$700M+,N/A,1,N/A,N/A,,,Goizueta recruiting
Fulcrum Equity Partners,Private Equity,Atlanta,GA,Atlanta,fulcrumep.com,"Healthcare services, B2B SaaS",N/A,N/A,1,N/A,N/A,,,Goizueta recruiting
The White Oak Group,Private Equity,Atlanta,GA,Atlanta,thewhiteoakgroup.com,"Aerospace, defense, government tech",N/A,N/A,2,N/A,N/A,,,Goizueta recruiting
NRD Capital,Private Equity,Atlanta,GA,Atlanta,nrdcapital.com,"Franchise, consumer",N/A,N/A,2,N/A,N/A,,,Goizueta recruiting
TCP (Tech Capital Partners),Private Equity,Atlanta,GA,Atlanta,techcapitalpartners.com,B2B Software,N/A,N/A,2,N/A,N/A,,,Goizueta recruiting
SRM Equity Partners,Private Equity,Atlanta,GA,Atlanta,srmequity.com,"Healthcare, business/tech services",$350M,N/A,2,N/A,N/A,,,Goizueta recruiting
Cressey & Company,Private Equity,Nashville,TN,Nashville,cressey.com,"Healthcare services, healthcare IT",$2.1B+,N/A,1,N/A,N/A,,,Owen recruiting
Council Capital,Private Equity,Nashville,TN,Nashville,councilcap.com,"Healthcare services, healthcare IT",N/A,N/A,1,N/A,N/A,,,Owen recruiting
Pharos Capital Group,Private Equity,Nashville,TN,Nashville,pharosfunds.com,Healthcare services,N/A,$25-50M investments,2,N/A,N/A,,,Owen recruiting
Whistler Capital Partners,Private Equity,Nashville,TN,Nashville,whistlercp.com,"Healthcare, tech-enabled services",$1.8B+,N/A,1,N/A,N/A,,,Owen recruiting
Petra Capital Partners,Private Equity,Nashville,TN,Nashville,petracapital.com,Healthcare services,N/A,N/A,2,N/A,N/A,SBIC fund,,Owen recruiting
Claritas Capital,Private Equity,Nashville,TN,Nashville,claritascapital.com,Healthcare,N/A,N/A,2,N/A,N/A,,,Owen recruiting
LFM Capital,Private Equity,Nashville,TN,Nashville,lfmcapital.com,"Manufacturing, industrial services",$1B+,N/A,2,N/A,N/A,,,Owen recruiting
Shore Capital Partners (Nashville),Private Equity,Nashville,TN,Nashville,shorecp.com,Healthcare services,$1B+,N/A,2,N/A,N/A,Chicago-based with Nashville office,,Owen recruiting
Incline Equity Partners,Private Equity,Pittsburgh,PA,Pittsburgh,inclineequity.com,"Distribution, manufacturing, services",$2.5B+,N/A,1,N/A,N/A,,,Tepper recruiting
Tecum Capital Partners,Private Equity,Pittsburgh,PA,Pittsburgh,tecumcap.com,"Precision manufacturing, distribution",$750M+,N/A,2,N/A,N/A,,,Tepper recruiting
Stonewood Capital,Private Equity,Pittsburgh,PA,Pittsburgh,stonewoodcap.com,"Manufacturing, assembly, distribution",N/A,N/A,2,N/A,N/A,,,Tepper recruiting
Junction Equity,Private Equity,Pittsburgh,PA,Pittsburgh,junctionequity.com,"Business services, manufacturing",N/A,N/A,2,N/A,N/A,,,Tepper recruiting
Calibre Group,Private Equity,Pittsburgh,PA,Pittsburgh,calibregroup.com,"Metals, manufacturing, defense",N/A,N/A,2,N/A,N/A,,,Tepper recruiting
Continuim Equity Partners,Private Equity,Pittsburgh,PA,Pittsburgh,continuimequity.com,Industrial/manufacturing,N/A,N/A,2,N/A,N/A,,,Tepper recruiting
Camden Partners,Private Equity,Baltimore,MD,Baltimore,camdenpartners.com,"Education, Business Services, Healthcare",$1B+,N/A,1,N/A,N/A,Towne Park exit to TA Associates,,
ABS Capital Partners,Private Equity,Baltimore,MD,Baltimore,abscapital.com,"B2B Software, Tech-enabled Services",$2.5B+ invested,N/A,1,N/A,N/A,130+ companies over 30 years,,
Providence Equity Partners,Private Equity,Providence,RI,Providence,provequity.com,"Media, Communications, Education, Tech",$31B+,N/A,1,N/A,N/A,Pioneer of sector-focused PE; 170+ companies,,
Nautic Partners,Private Equity,Providence,RI,Providence,nautic.com,"Healthcare, Business Services",$2.5B+,N/A,1,N/A,N/A,Middle-market focus,,
Ironwood Capital,Private Equity,Avon,CT,Hartford,ironwoodcap.com,Middle-market junior capital,$1B+ invested,N/A,2,N/A,N/A,100+ businesses,,
Bridgewater Associates,Hedge Fund,Westport,CT,Connecticut,bridgewater.com,"Global Macro, Risk Parity",$92-141B,N/A,1,N/A,N/A,Ray Dalio; world's largest HF,,Recruits from Ivy League
Verition Fund Management,Hedge Fund,Greenwich,CT,Connecticut,veritionfund.com,Multi-Strategy,$107B,N/A,1,N/A,N/A,Nicholas Maounis; fastest-growing,,
AQR Capital Management,Hedge Fund,Greenwich,CT,Connecticut,aqr.com,Quantitative/Factor,$63-132B,N/A,1,N/A,N/A,Cliff Asness (Goldman/UChicago PhD),,"Wharton, UChicago Booth recruiting"
Tudor Investment Corp,Hedge Fund,Stamford,CT,Connecticut,N/A,Global Macro,$63B,N/A,1,N/A,N/A,Paul Tudor Jones,,
Hudson Bay Capital,Hedge Fund,Greenwich,CT,Connecticut,hudsonbaycapital.com,"Event-Driven, Multi-Strategy",$34B,N/A,1,N/A,N/A,Sander Gerber; CT subsidies,,
Paloma Partners,Hedge Fund,Greenwich,CT,Connecticut,palomapartners.com,"Multi-Strategy, Quant",$20-33B,N/A,1,N/A,N/A,Donald Sussman; D.E. Shaw seeder,,
Silver Point Capital,Hedge Fund,Greenwich,CT,Connecticut,silverpointcap.com,Credit/Distressed,$30-42B,N/A,1,N/A,N/A,Goldman Sachs alumni,,
Lone Pine Capital,Hedge Fund,Greenwich,CT,Connecticut,lonepinecap.com,Fundamental L/S Equity,$23-29B,N/A,1,N/A,N/A,Tiger Cub (Stephen Mandel),,
Viking Global Investors,Hedge Fund,Greenwich,CT,Connecticut,vikingglobal.com,Fundamental L/S,$25-27B,N/A,1,N/A,N/A,Tiger Cub (Andreas Halvorsen),,
Point72 Asset Management,Hedge Fund,Stamford,CT,Connecticut,point72.com,Multi-Strategy,$41B,N/A,1,N/A,N/A,Steve Cohen; Academy program,,"Yale SOM, UConn recruiting"
WorldQuant,Hedge Fund,Old Greenwich,CT,Connecticut,worldquant.com,Quant/Statistical Arb,$9-23B,N/A,1,N/A,N/A,WorldQuant University; International Quant Championship,,
Strategic Value Partners,Hedge Fund,Greenwich,CT,Connecticut,svpglobal.com,Distressed,$21B+,N/A,1,N/A,N/A,,,
Graham Capital Management,Hedge Fund,Rowayton,CT,Connecticut,grahamcapital.com,Global Macro,$18-20B,N/A,1,N/A,N/A,,,
Ellington Management,Hedge Fund,Old Greenwich,CT,Connecticut,ellington.com,MBS/Structured Credit,$10B+,N/A,1,N/A,N/A,,,
Kensico Capital,Hedge Fund,Greenwich,CT,Connecticut,kensico.com,Fundamental Value,$10B+,N/A,1,N/A,N/A,,,
Fermat Capital,Hedge Fund,Westport,CT,Connecticut,fermatcap.com,Insurance-Linked Securities,$6.3B,N/A,2,N/A,N/A,,,
Aristeia Capital,Hedge Fund,Greenwich,CT,Connecticut,aristeiacapital.com,Relative Value/Credit,$5B+,N/A,2,N/A,N/A,,,
Contrarian Capital,Hedge Fund,Greenwich,CT,Connecticut,N/A,Distressed/Credit,$5B+,N/A,2,N/A,N/A,,,
Gramercy Funds,Hedge Fund,Greenwich,CT,Connecticut,N/A,Emerging Markets,$5.7B,N/A,2,N/A,N/A,,,
Blue Harbour Group,Hedge Fund,Greenwich,CT,Connecticut,blueharbourgroup.com,Activist/PE-Style,$3B,N/A,2,N/A,N/A,,,
Sageview Capital,Hedge Fund,Greenwich,CT,Connecticut,sageviewcapital.com,Growth Equity/Tech,$1.2B+,N/A,2,N/A,N/A,,,
Perryridge Capital,Hedge Fund,Connecticut,CT,Connecticut,N/A,L/S Equity,N/A,N/A,3,2024,N/A,2024 LAUNCH (ex-Lone Pine),,
33 Capital Management,Hedge Fund,Connecticut,CT,Connecticut,N/A,L/S,N/A,N/A,3,2024,N/A,2024 LAUNCH (ex-Soros),,
Citadel,Hedge Fund,Miami,FL,South Florida,citadel.com,Multi-strategy,$59B+,N/A,1,N/A,N/A,Ken Griffin; HQ moved from Chicago 2022,,Hiring aggressively in Miami
Elliott Management,Hedge Fund,West Palm Beach,FL,South Florida,elliottmgmt.com,Activist investing,~$70B,N/A,1,N/A,N/A,Paul Singer; HQ moved from NYC 2020,,
Point72 Asset Management (FL),Hedge Fund,Miami/WPB,FL,South Florida,point72.com,Multi-Strategy,$35B+,N/A,1,N/A,N/A,"60 seats Miami, 20 WPB (2021 expansion)",,
Millennium Management,Hedge Fund,Miami/WPB,FL,South Florida,mlp.com,Multi-strategy,$52B,N/A,1,N/A,N/A,~500 seats split between Miami and WPB,,
D1 Capital Partners,Hedge Fund,Miami,FL,South Florida,d1cap.com,Crossover investing,$20B+,N/A,1,2021,N/A,Dan Sundheim; Tiger Cub,,
Balyasny Asset Management,Hedge Fund,Miami,FL,South Florida,balyasnyam.com,Multi-strategy,$21B+,N/A,1,N/A,N/A,Expanded from Chicago 2021; hundreds of employees,,
ExodusPoint Capital,Hedge Fund,North Palm Beach,FL,South Florida,exoduspoint.com,Multi-strategy,$10B+,N/A,1,2021,N/A,Mark Mandell,,
Schonfeld Strategic Advisors,Hedge Fund,Miami,FL,South Florida,schonfeld.com,Multi-manager,$14B+,N/A,1,N/A,N/A,~100 seats in Miami,,
Aurelius Capital,Hedge Fund,South Florida,FL,South Florida,N/A,Distressed,$3B+,N/A,2,N/A,N/A,HQ moved from NYC 2022,,
BlueCrest Capital,Hedge Fund,Miami,FL,South Florida,bluecrest.com,Multi-strategy,$10B+,N/A,2,N/A,N/A,Post-2020 move from London/CT,,
BlockTower Capital,Hedge Fund,Miami,FL,South Florida,blocktower.com,Crypto/digital assets,~$500M,N/A,2,N/A,N/A,HQ relocated from NYC 2021,,
ARK Investment Management,Hedge Fund,St. Petersburg,FL,South Florida,ark-invest.com,Disruptive innovation,$15B+,N/A,1,N/A,N/A,Cathie Wood; HQ moved from NYC 2021,,
Voloridge Investment Management,Hedge Fund,Jupiter,FL,South Florida,voloridge.com,Quant/systematic,$8B+,N/A,1,N/A,N/A,,,
Graham Capital Management (WPB),Hedge Fund,West Palm Beach,FL,South Florida,grahamcapital.com,Systematic macro,$18B+,N/A,1,N/A,N/A,,,
Wexford Capital,Hedge Fund,West Palm Beach,FL,South Florida,wexfordcap.com,Multi-strategy,$3B+,N/A,2,N/A,N/A,Energy and distressed focus,,
III Capital Management,Hedge Fund,Boca Raton,FL,South Florida,N/A,Multi-strategy,$1B+,N/A,2,N/A,N/A,,,
Baupost Group,Hedge Fund,Boston,MA,Boston/New England,baupost.com,Value/Fundamental,~$27B+,N/A,1,N/A,N/A,Seth Klarman,,
Arrowstreet Capital,Hedge Fund,Boston,MA,Boston/New England,arrowstreetcapital.com,Quantitative,$100B+,N/A,1,N/A,N/A,Global equity quant,,
Adage Capital Management,Hedge Fund,Boston,MA,Boston/New England,adagecapital.com,Long/short equity,$20B+,N/A,1,N/A,N/A,Harvard Management alumni,,
Convexity Capital,Hedge Fund,Boston,MA,Boston/New England,convexitycapital.com,Multi-strategy,$10B+,N/A,1,N/A,N/A,Jack Meyer (ex-Harvard endowment CIO),,
Acadian Asset Management,Hedge Fund,Boston,MA,Boston/New England,acadian-asset.com,Quantitative,$100B+,N/A,1,N/A,N/A,Systematic global,,
PanAgora Asset Management,Hedge Fund,Boston,MA,Boston/New England,panagora.com,Quantitative,$45B+,N/A,1,N/A,N/A,Bottom-up + top-down quant,,
GMO,Hedge Fund,Boston,MA,Boston/New England,gmo.com,Value/Fundamental,$60B+,N/A,1,N/A,N/A,Jeremy Grantham,,
Alyeska Investment Group,Hedge Fund,Boston,MA,Boston/New England,alyeskainv.com,Event-driven,$10B+,N/A,1,N/A,N/A,Fundamental + quant hybrid,,
Bracebridge Capital,Hedge Fund,Boston,MA,Boston/New England,N/A,Fixed Income/Macro,$10B+,N/A,1,N/A,N/A,Global fixed income,,
Sands Capital,Hedge Fund,Arlington,VA,DC/Mid-Atlantic,sandscapital.com,"Growth equity, Public/Private",$59B,N/A,1,N/A,N/A,,,
The RockCreek Group,Hedge Fund,Washington,DC,DC/Mid-Atlantic,therockcreekgroup.com,"Multi-asset, Sustainable",$15B+,N/A,1,N/A,N/A,,,
Strategic Investment Group,Hedge Fund,Bethesda,MD,DC/Mid-Atlantic,strategicgroup.com,"OCIO, Multi-asset",$50B+,N/A,1,N/A,N/A,,,
EJF Capital,Hedge Fund,Arlington,VA,DC/Mid-Atlantic,ejfcap.com,Specialty Finance,$4B+,N/A,2,N/A,N/A,,,
Flagship Pioneering,Venture Capital,Cambridge,MA,Boston/New England,flagshippioneering.com,"Life Sciences, Biotech",N/A,Seed/Company creation,1,N/A,N/A,Created Moderna,,
Third Rock Ventures,Venture Capital,Boston,MA,Boston/New England,thirdrockventures.com,"Biotech, Life Sciences",N/A,Seed/Series A,1,N/A,N/A,"Sage Therapeutics, Editas Medicine portfolio",,
Atlas Venture,Venture Capital,Cambridge,MA,Boston/New England,atlasventure.com,Biotech,N/A,Seed-led,1,N/A,N/A,30+ years; venture creation,,
RA Capital Management,Venture Capital,Boston,MA,Boston/New England,racap.com,Life Sciences,$20B+,All stages to post-IPO,1,N/A,N/A,Backed Moderna,,
F-Prime Capital,Venture Capital,Cambridge,MA,Boston/New England,fprimecapital.com,"Life Sciences, Healthcare IT",N/A,Early to growth,1,N/A,N/A,Fidelity family office affiliate,,
Polaris Partners,Venture Capital,Boston,MA,Boston/New England,polarispartners.com,"Healthcare, Software, Biotech",N/A,Multi-stage,1,N/A,N/A,Deep biotech expertise,,
5AM Ventures,Venture Capital,Boston,MA,Boston/New England,5amventures.com,Life Sciences,N/A,Early stage,1,N/A,N/A,Next-gen biotech builders,,
MPM Capital,Venture Capital,Boston,MA,Boston/New England,mpmcapital.com,Life Sciences,N/A,Multi-stage,1,N/A,N/A,Global biopharma investor,,
SV Health Investors,Venture Capital,Boston,MA,Boston/New England,svhealthinvestors.com,"Biotech, Healthcare, Medical Devices",N/A,All stages,1,1993,N/A,Since 1993,,
General Catalyst,Venture Capital,Cambridge,MA,Boston/New England,generalcatalyst.com,"Technology, Enterprise",N/A,Seed to growth,1,N/A,N/A,"Stripe, Kayak portfolio",,
Battery Ventures,Venture Capital,Boston,MA,Boston/New England,battery.com,"Technology, Software",N/A,Multi-stage,1,N/A,N/A,,,
Bain Capital Ventures,Venture Capital,Boston,MA,Boston/New England,baincapitalventures.com,"Enterprise Software, Fintech",N/A,Seed to growth,1,N/A,N/A,,,
Matrix Partners,Venture Capital,Boston,MA,Boston/New England,matrixpartners.com,Technology,N/A,Multi-stage,1,N/A,N/A,,,
Highland Capital Partners,Venture Capital,Boston,MA,Boston/New England,hcp.com,"Technology, Healthcare",N/A,Multi-stage,1,N/A,N/A,,,
Spark Capital,Venture Capital,Boston,MA,Boston/New England,sparkcapital.com,"Consumer, Enterprise",N/A,Early stage,1,N/A,N/A,"Twitter, Oculus portfolio",,
OpenView Venture Partners,Venture Capital,Boston,MA,Boston/New England,openviewpartners.com,"Software, SaaS",N/A,Expansion stage,1,N/A,N/A,,,
Underscore VC,Venture Capital,Boston,MA,Boston/New England,underscore.vc,B2B technology,N/A,Seed to Series A,2,N/A,N/A,,,
Glasswing Ventures,Venture Capital,Boston,MA,Boston/New England,glasswing.vc,"AI, Deep Tech",N/A,Early stage,2,N/A,N/A,,,
Volition Capital,Venture Capital,Boston,MA,Boston/New England,volitioncapital.com,Technology,N/A,Growth,2,N/A,N/A,,,
Accomplice VC,Venture Capital,Boston,MA,Boston/New England,accomplice.co,Technology,N/A,Seed,2,N/A,N/A,,,
The Engine,Venture Capital,Cambridge,MA,Boston/New England,engine.xyz,Tough Tech,N/A,N/A,1,N/A,N/A,MIT-backed for science-heavy startups,,
Pillar VC,Venture Capital,Boston,MA,Boston/New England,pillarvc.com,"Software, biotech, robotics",N/A,Seed,2,N/A,N/A,Allows founders to buy back equity,,
Paladin Capital Group,Venture Capital,Washington,DC,DC/Mid-Atlantic,paladincapgroup.com,"Cybersecurity, Telecom, Life Sciences",$1.5B+,N/A,1,N/A,N/A,Major cybersecurity companies portfolio,,
C5 Capital,Venture Capital,Washington,DC,DC/Mid-Atlantic,c5capital.com,"Cybersecurity, Space, Energy Security",$500M+,N/A,1,N/A,N/A,,,
QED Investors,Venture Capital,Alexandria,VA,DC/Mid-Atlantic,qedinvestors.com,Fintech,$3B+,N/A,1,N/A,N/A,Major fintech fund,,
Revolution Ventures,Venture Capital,Washington,DC,DC/Mid-Atlantic,revolution.com,Tech broadly,$1B+,N/A,1,N/A,N/A,Steve Case,,
In-Q-Tel,Venture Capital,Arlington,VA,DC/Mid-Atlantic,iqt.org,"Intelligence, Defense Tech",N/A,N/A,1,N/A,N/A,"CIA-affiliated; Palantir, Databricks, MongoDB portfolio",,
Decisive Point Ventures,Venture Capital,Washington,DC,DC/Mid-Atlantic,decisivepoint.com,"Defense, Energy, Infrastructure",N/A,Early-stage,2,N/A,N/A,,,
Dcode Capital,Venture Capital,Washington,DC,DC/Mid-Atlantic,dcode.co,Government Technology,N/A,N/A,2,N/A,N/A,"Hyperscience, Trifacta portfolio",,
1776 Ventures,Venture Capital,Washington,DC,DC/Mid-Atlantic,1776.vc,"GovTech, Smart Cities",N/A,N/A,2,N/A,N/A,"Cancer IQ, Aquicore portfolio",,
Booz Allen Ventures,Corporate Venture,Washington,DC,DC/Mid-Atlantic,boozallen.com/ventures,"Cybersecurity, Defense Tech",N/A,N/A,2,N/A,N/A,Corsha portfolio,,
Hatteras Venture Partners,Venture Capital,Durham,NC,Research Triangle,hatterasvp.com,"Biopharma, medical devices, digital health",$550M+,N/A,1,N/A,N/A,,,"Duke, UNC affiliated"
Pappas Capital,Venture Capital,Durham,NC,Research Triangle,pappascapital.com,"Biotech, biopharmaceuticals, drug delivery",$500M+,N/A,1,N/A,N/A,RTP ecosystem,,
TrueBridge Capital Partners,Venture Capital,Chapel Hill,NC,Research Triangle,truebridgecapital.com,"Fund-of-funds, mid-to-late stage tech",$1.6B raised,N/A,1,N/A,N/A,Chapel Hill based,,
Alexandria Venture Investments,Venture Capital,Durham,NC,Research Triangle,are.com,"Biopharma, diagnostics, AgTech",Part of $26B RE,N/A,2,N/A,N/A,,,
Bull City Venture Partners,Venture Capital,Durham,NC,Research Triangle,bullcityventurepartners.com,"B2B software, health IT, e-commerce",N/A,N/A,2,N/A,N/A,,,
SJF Ventures,Venture Capital,Durham,NC,Research Triangle,sjfventures.com,"Impact: clean energy, EdTech, health",N/A,N/A,2,N/A,N/A,,,
Cofounders Capital Lab,Venture Capital,Cary,NC,Research Triangle,cofounderscap.com,Seed accelerator,$12M,N/A,3,N/A,N/A,,,
REX Health Ventures,Venture Capital,Chapel Hill,NC,Research Triangle,N/A,Healthcare,N/A,N/A,2,N/A,N/A,UNC Health System,,
Innovation Works,Venture Capital,Pittsburgh,PA,Pittsburgh,innovationworks.org,Seed-stage,$78M+ invested,N/A,1,N/A,N/A,"780+ companies; AlphaLab, Robotics Factory; $3.4B follow-on raised",,
Carnegie Foundry,Venture Capital,Pittsburgh,PA,Pittsburgh,carnegiefoundry.com,Robotics/AI Venture Studio,$20M,Series A,1,N/A,N/A,"CMU NREC partnership; US Steel, Oshkosh",,
Magarac Venture Partners,Venture Capital,Pittsburgh,PA,Pittsburgh,magaracventures.com,Seed/Series A,N/A,$500K-$5M,2,N/A,N/A,Ex-Draper Triangle team,,
Draper Triangle Ventures,Venture Capital,Pittsburgh,PA,Pittsburgh,drapertriangle.com,Early-stage tech,N/A,N/A,2,N/A,N/A,Part of Draper Venture Network,,
Adams Capital Management,Venture Capital,Pittsburgh,PA,Pittsburgh,acm.com,Applied technology,$815M since 1994,Series A,2,1994,N/A,Lead Series A investor,,
Birchmere Ventures,Venture Capital,Pittsburgh,PA,Pittsburgh,birchmerevc.com,Tech/Life Sciences,$115M+,N/A,2,N/A,N/A,Pre-revenue startups,,
UPMC Enterprises,Corporate Venture,Pittsburgh,PA,Pittsburgh,upmcenterprises.com,Healthcare innovation,$1B committed,N/A,1,N/A,N/A,$800M+ invested; Evolent Health IPO,,
TTV Capital,Venture Capital,Atlanta,GA,Atlanta,ttvcapital.com,Fintech,$250M Fund VI,N/A,1,N/A,N/A,100+ portfolio; longest-running fintech VC,,
Tech Square Ventures,Venture Capital,Atlanta,GA,Atlanta,techsquareventures.com,Enterprise tech,N/A,N/A,1,N/A,N/A,Georgia Tech affiliated; manages Engage fund,,
BIP Capital/BIP Ventures,Venture Capital,Atlanta,GA,Atlanta,bipventures.com,B2B software,N/A,N/A,1,N/A,N/A,One of Southeast's largest/most active,,
Noro-Moseley Partners,Venture Capital,Atlanta,GA,Atlanta,noromoseley.com,"IT, healthcare",N/A,N/A,1,1983,N/A,190+ portfolio companies,,
Atlanta Ventures,Venture Capital,Atlanta,GA,Atlanta,atlantaventures.com,Tech,N/A,N/A,2,N/A,N/A,<$5M ARR companies; Atlanta Tech Village,,
Vocap,Venture Capital,Atlanta,GA,Atlanta,vocap.co,B2B Software,N/A,N/A,2,N/A,N/A,"Future of productivity, healthcare",,
Engage Ventures,Venture Capital,Atlanta,GA,Atlanta,engage.vc,B2B startups,N/A,N/A,1,N/A,N/A,"Home Depot, Coca-Cola, UPS, Delta backed; 50+ startups raised $835M+",,
Frist Cressey Ventures,Venture Capital,Nashville,TN,Nashville,fristcressey.com,Healthcare services/IT,N/A,N/A,1,N/A,N/A,Pursuing $400M Fund IV; Senator Bill Frist (HCA family),,
Martin Ventures,Venture Capital,Nashville,TN,Nashville,martinventures.com,Healthcare services/IT,N/A,N/A,1,N/A,N/A,35 AI-embedded portfolio companies,,
Health Velocity Capital,Venture Capital,Nashville,TN,Nashville,healthvelocitycapital.com,Healthcare tech/services,$185M Fund I,N/A,1,N/A,N/A,,,
Heritage Group,Venture Capital,Nashville,TN,Nashville,heritagegroup.com,Healthcare,N/A,All stages,2,N/A,N/A,35+ years,,
TheVentureCity,Venture Capital,Miami,FL,South Florida,theventurecity.com,"SaaS, FinTech, HealthTech, AI",$145M,N/A,1,N/A,N/A,35% female founders; LatAm focus,,
Fuel Venture Capital,Venture Capital,Miami,FL,South Florida,fuelventurecapital.com,"FinTech, digital platforms",$100M,N/A,1,N/A,N/A,$400M+ deployed,,
Ocean Azul Partners,Venture Capital,Miami,FL,South Florida,oceanazulpartners.com,"FinTech, e-commerce, mobility",N/A,N/A,1,N/A,N/A,"LatAm focus: Kavak, Rappi portfolio",,
Florida Funders,Venture Capital,Miami,FL,South Florida,floridafunders.com,"SaaS, cybersecurity, climate",N/A,N/A,2,N/A,N/A,Equity crowdfunding hybrid,,
Pantera Capital,Venture Capital,Miami,FL,South Florida,panteracapital.com,Crypto/blockchain,$4.8B,N/A,1,N/A,N/A,First US crypto fund,,
Starlight Ventures,Venture Capital,Miami,FL,South Florida,starlightventures.com,Breakthrough technology,N/A,Pre-seed/seed,2,N/A,N/A,,,
Guild Capital,Venture Capital,Miami,FL,South Florida,guildcapital.com,Contrarian startups,N/A,Seed to Series B,2,N/A,N/A,Chicago-based with strong Miami presence,,
LAB Ventures,Venture Capital,Miami,FL,South Florida,labventures.com,PropTech,N/A,Pre-seed/seed,2,N/A,N/A,Startup studio and accelerator,,
Krillion Ventures,Venture Capital,Miami,FL,South Florida,krillionventures.com,"Healthcare, fintech, real estate tech",N/A,Seed,2,N/A,N/A,,,
Miami Angels,Venture Capital,Miami,FL,South Florida,miamiangels.vc,Miami startups,N/A,Angel/seed,2,N/A,150+,150+ member angel network,,
Secocha Ventures,Venture Capital,Miami,FL,South Florida,secocha.vc,"Consumer, fintech, healthtech",N/A,Pre-seed to Series A,2,N/A,N/A,Backed Papa (healthtech),,
SaaS VC,Venture Capital,Miami,FL,South Florida,saasvc.io,SaaS startups,N/A,Seed,2,N/A,N/A,Bi-coastal (Miami and DC),,
Capstone Partners,Investment Banking,Boston,MA,Boston/New England,capstonepartners.com,Middle-market M&A,N/A,N/A,1,N/A,N/A,One of largest independently-owned IB,,
Covington Associates,Investment Banking,Boston,MA,Boston/New England,covingtonassociates.com,"Healthcare, Business Services, Tech",N/A,N/A,1,1991,N/A,Founded 1991; HBS alumni,,
Tully & Holland,Investment Banking,Boston,MA,Boston/New England,tullyandholland.com,"Consumer: Food & Beverage, Retail",N/A,N/A,2,N/A,N/A,30+ years consumer focus,,
Provident Healthcare Partners,Investment Banking,Boston,MA,Boston/New England,providenthp.com,"Healthcare services, pharma services",N/A,N/A,1,N/A,N/A,Highly specialized,,
Progress Partners,Investment Banking,Boston,MA,Boston/New England,progresspartners.com,Technology M&A,N/A,N/A,2,N/A,N/A,Boston and NYC,,
Shields & Company,Investment Banking,Boston,MA,Boston/New England,shieldsco.com,"Business services, consumer, manufacturing",N/A,N/A,2,1991,N/A,Founded 1991,,
AGC Partners,Investment Banking,Boston,MA,Boston/New England,agcpartners.com,"Software, IT",N/A,N/A,1,N/A,N/A,Tech-focused boutique,,
Mirus Capital Advisors,Investment Banking,Boston,MA,Boston/New England,miruscapitaladvisors.com,"Industrial, tech",N/A,Lower middle-market,2,1987,N/A,Founded 1987,,
Dunn Rush & Co.,Investment Banking,Boston,MA,Boston/New England,dunnrush.com,Founder-owned businesses,N/A,Sell-side,2,N/A,N/A,,,
Back Bay Life Science Advisors,Investment Banking,Boston,MA,Boston/New England,bblsa.com,BioPharma/MedTech,N/A,N/A,1,N/A,N/A,Strategy consulting and IB hybrid,,
Bowen,Investment Banking,Boston,MA,Boston/New England,bowenllc.com,"Cloud, defense tech, healthcare IT",N/A,N/A,2,N/A,N/A,Growth tech IB; founder-led businesses,,
KippsDeSanto & Co.,Investment Banking,Tysons,VA,DC/Mid-Atlantic,kippsdeSanto.com,"Aerospace, Defense, Government Services",N/A,N/A,1,N/A,N/A,Premier defense M&A (now Truist),,
The McLean Group,Investment Banking,McLean,VA,DC/Mid-Atlantic,themcleangroup.com,"Defense, Government & Intelligence, Security",N/A,N/A,1,N/A,60+,30+ years; 60+ professionals,,
Baird (ADG Group),Investment Banking,Washington,DC,DC/Mid-Atlantic,bairdib.com,"Aerospace, Defense, Government Services",N/A,N/A,1,N/A,~30,~30 bankers DC/London/LA,,
SC&H Capital,Investment Banking,Sparks,MD,DC/Mid-Atlantic,schcapital.com,"Government Contracting, Middle-market",N/A,N/A,1,N/A,N/A,800+ transactions; $11B value,,
DC Advisory,Investment Banking,Washington,DC,DC/Mid-Atlantic,dcadvisory.com,"Aerospace, Defense, Government Services",N/A,N/A,2,N/A,N/A,International with DC presence,,
District Capital Partners,Investment Banking,Washington,DC,DC/Mid-Atlantic,N/A,"Government services, IT services, aerospace",N/A,N/A,2,N/A,N/A,,,
Harris Williams,Investment Banking,Richmond,VA,Richmond,harriswilliams.com,Multi-sector M&A,N/A,$50-500M deals,1,N/A,N/A,Major Charlotte presence; PNC subsidiary,,
BlackArch Partners,Investment Banking,Charlotte,NC,Charlotte/Southeast,blackarchpartners.com,Multi-sector M&A,N/A,N/A,1,N/A,N/A,Strong analyst program; founded by former Wachovia bankers,,
Bourne Partners,Investment Banking,Charlotte,NC,Charlotte/Southeast,bournepartners.com,"Healthcare, pharmaceuticals",N/A,N/A,2,N/A,N/A,25+ years healthcare finance,,
Fidus Partners,Investment Banking,Charlotte,NC,Charlotte/Southeast,fiduspartners.com,Multi-sector,N/A,N/A,2,2005,N/A,"M&A, debt advisory; since 2005; 70+ deals; $3B+",,
Carnegie Point,Investment Banking,Charlotte,NC,Charlotte/Southeast,carnegiepoint.com,Multi-sector,N/A,N/A,2,N/A,N/A,70+ deals; $3B+,,
7 Mile Advisors,Investment Banking,Charlotte,NC,Charlotte/Southeast,7mileadvisors.com,"IT services, software, tech-enabled services",N/A,N/A,2,N/A,N/A,,,
Bailey & Company,Investment Banking,Nashville,TN,Nashville,baileyco.com,Middle-market healthcare,N/A,N/A,1,N/A,N/A,Preeminent healthcare M&A; PE network,,
Brentwood Capital Advisors,Investment Banking,Nashville,TN,Nashville,brentwoodcapital.com,"Healthcare services, healthcare IT",N/A,N/A,1,1999,N/A,Premier independent healthcare bank since 1999,,
Hyde Park Capital,Investment Banking,Nashville,TN,Nashville,hydeparkcap.com,"Healthcare, technology, industrials",N/A,N/A,1,N/A,N/A,2024 Growth Equity Deal of Year,,
VelocityHealth Securities,Investment Banking,Nashville,TN,Nashville,velocityhealthsecurities.com,"Biotech, diagnostics, HCIT",N/A,$10M-$200M EV,2,N/A,N/A,FINRA licensed,,
Harpeth Capital,Investment Banking,Nashville,TN,Nashville,harpethcapital.com,"Healthcare, multi-sector",N/A,N/A,2,N/A,N/A,Senior-level attention,,
Cain Brothers (KeyBanc),Investment Banking,Nashville,TN,Nashville,N/A,Corporate/not-for-profit healthcare,N/A,N/A,2,N/A,N/A,"Payers, providers, IT, life sciences",,
Boxwood Partners,Investment Banking,Richmond,VA,Richmond,boxwoodpartners.com,Middle-market M&A,N/A,N/A,1,N/A,N/A,50+ years experience; franchising focus,,
Matrix Capital Markets,Investment Banking,Richmond,VA,Richmond,matrixcmg.com,"Downstream Energy, automotive aftermarket",N/A,N/A,2,N/A,N/A,Regional,,
Transact Capital,Investment Banking,Richmond,VA,Richmond,transactcapital.com,Sell-side M&A,N/A,$10M-$200M EV,2,N/A,N/A,,,
Blue Heron Capital,Private Equity,Richmond,VA,Richmond,blueheroncap.com,"Healthcare, enterprise technology",N/A,Growth equity,2,N/A,N/A,OA Collaborative network,,
Aliri Capital,Private Equity,Richmond,VA,Richmond,aliricapital.com,"Industrial, manufacturing",N/A,Lower middle-market,2,N/A,N/A,,,
BroadSpan Capital,Investment Banking,Miami,FL,South Florida,broadspancapital.com,"LatAm cross-border M&A, restructuring",N/A,N/A,1,N/A,N/A,"Offices in Rio, Sao Paulo, Bogota",,
BTG Pactual,Investment Banking,Miami,FL,South Florida,btgpactual.com,Full-service LatAm IB,N/A,N/A,1,N/A,N/A,Largest LatAm investment bank,,
Cassel Salpeter & Co.,Investment Banking,Miami,FL,South Florida,casselsalpeter.com,"Middle-market M&A, restructuring",N/A,N/A,1,N/A,N/A,100+ years combined experience,,
Antarctica Advisors,Investment Banking,Miami,FL,South Florida,antarcticaadvisors.com,Cross-border M&A,N/A,N/A,2,N/A,N/A,"Americas, Europe, Asia",,
Cross Keys Capital,Investment Banking,Fort Lauderdale,FL,South Florida,crosskeyscapital.com,Healthcare services,N/A,N/A,2,N/A,N/A,Physician practice roll-ups,,
Ladenburg Thalmann,Investment Banking,Miami,FL,South Florida,ladenburg.com,"Investment banking, brokerage",N/A,N/A,2,1876,N/A,Founded 1876; now part of Advisor Group,,
Vaupen Financial Advisors,Investment Banking,Miami,FL,South Florida,vaupenfinancial.com,"Corporate finance, M&A",N/A,Middle-market,2,N/A,N/A,,,
Compass Advisory Partners,Investment Banking,Pittsburgh,PA,Pittsburgh,compassadv.com,"Debt placement, restructuring, M&A",N/A,N/A,2,N/A,N/A,25+ years,,
Schneider Downs Capital,Investment Banking,Pittsburgh,PA,Pittsburgh,schneiderdowns.com/capital,M&A advisory,N/A,N/A,2,N/A,N/A,100+ transactions,,
Stone Pier Capital Advisors,Investment Banking,Pittsburgh,PA,Pittsburgh,stonepiercap.com,Lower middle market M&A,N/A,N/A,2,N/A,N/A,Domestic and international,,
Fairmount Partners,Investment Banking,West Conshohocken,PA,Philadelphia,fairmountpartners.com,"Healthcare, technology, industrial growth",N/A,Middle-market,2,N/A,N/A,,,
Falcon Capital Partners,Investment Banking,Philadelphia,PA,Philadelphia,falconpartners.com,"Healthcare technology, tech-enabled services",N/A,M&A,2,N/A,N/A,,,
Fidelity Investments,Asset Management,Boston,MA,Boston/New England,fidelity.com,Full-service,$4.5T+,N/A,1,N/A,N/A,,,"HBS, MIT Sloan, BC, Northeastern recruiting"
State Street Global Advisors,Asset Management,Boston,MA,Boston/New England,ssga.com,Index/ETF specialist,$4T+,N/A,1,N/A,N/A,,,"HBS, MIT Sloan recruiting"
Wellington Management,Asset Management,Boston,MA,Boston/New England,wellington.com,Independent advisor,$1T+,N/A,1,N/A,N/A,,,"HBS, MIT Sloan recruiting"
MFS Investment Management,Asset Management,Boston,MA,Boston/New England,mfs.com,Active management,$600B+,N/A,1,N/A,N/A,,,"HBS, MIT Sloan recruiting"
Loomis Sayles & Company,Asset Management,Boston,MA,Boston/New England,loomissayles.com,Fixed income specialist,$300B+,N/A,1,N/A,N/A,,,HBS recruiting
Eaton Vance,Asset Management,Boston,MA,Boston/New England,eatonvance.com,Active management,$575B+,N/A,1,N/A,N/A,,,HBS recruiting
Columbia Threadneedle,Asset Management,Boston,MA,Boston/New England,columbiathreadneedle.com,Global asset manager,$600B+,N/A,1,N/A,N/A,,,HBS recruiting
Cambridge Associates,Asset Management,Boston,MA,Boston/New England,cambridgeassociates.com,Institutional consulting,$500B+ advisory,N/A,1,N/A,N/A,,,"HBS, MIT Sloan recruiting"
Putnam Investments,Asset Management,Boston,MA,Boston/New England,putnam.com,Active management,$150B+,N/A,1,N/A,N/A,,,HBS recruiting
Vanguard Group,Asset Management,Malvern,PA,Philadelphia,vanguard.com,"Index funds, ETFs",$9T+,N/A,1,N/A,N/A,,,
CenterSquare Investment Management,Asset Management,Philadelphia,PA,Philadelphia,centersquare.com,Real estate,$13.5B,N/A,2,N/A,N/A,,,
Cooke & Bieler,Asset Management,Philadelphia,PA,Philadelphia,cooke-bieler.com,Value equities,$8B+,N/A,2,N/A,N/A,,,
Invesco,Asset Management,Atlanta,GA,Atlanta,invesco.com,Global asset manager,$1.63T+,N/A,1,N/A,N/A,,,
Brown Advisory,Asset Management,Baltimore,MD,Baltimore,brownadvisory.com,"Multi-asset, ESG",$160B+,N/A,1,N/A,N/A,,,
Brown Capital Management,Asset Management,Baltimore,MD,Baltimore,browncapital.com,Small/Mid-cap growth,$10B+,N/A,2,N/A,N/A,,,
DF Dent & Company,Asset Management,Baltimore,MD,Baltimore,dfdent.com,Quality growth equity,$9.7B,N/A,2,N/A,N/A,,,
1919 Investment Counsel,Asset Management,Baltimore,MD,Baltimore,1919ic.com,"Wealth management, Alternatives",$24B,N/A,2,N/A,N/A,,,
Hartford Funds,Asset Management,Hartford,CT,Hartford,hartfordfunds.com,"Mutual funds, ETFs",$140B+,N/A,1,N/A,N/A,,,
Conning & Company,Asset Management,Hartford,CT,Hartford,conning.com,Insurance asset management,$200B+,N/A,1,N/A,N/A,,,
Bessemer Trust,Family Office,Palm Beach,FL,South Florida,bessemertrust.com,Multi-family office,$120B,N/A,1,N/A,N/A,118+ years,,
Cresset Capital,Family Office,Palm Beach,FL,South Florida,cressetcapital.com,Multi-family office,$38B,N/A,1,N/A,N/A,UHNW families,,
Icahn Enterprises,Family Office,Sunny Isles Beach,FL,South Florida,ielp.com,Single family office,$10B+,N/A,1,N/A,N/A,Carl Icahn; relocated from NYC,,
Castle Island Family Office,Family Office,Palm Beach,FL,South Florida,N/A,Direct investing,$1B+,N/A,2,2020,N/A,"Founded 2020; PE, RE, alternatives",,
Family Office Networks,Family Office,Palm Beach,FL,South Florida,familyofficenetworks.com,Community/platform,Network,N/A,2,N/A,N/A,"10,000+ family office connections",,
WE Family Offices,Family Office,Miami,FL,South Florida,wefamilyoffices.com,Multi-family office,$2.7B,N/A,2,N/A,N/A,,,
Gentrust Wealth Management,Family Office,Miami,FL,South Florida,gentrustwealth.com,Multi-family office,$4.46B,N/A,2,N/A,N/A,,,
Valor Advisors,Family Office,Miami,FL,South Florida,valoradvisors.com,Multi-family office; LatAm UHNW,$3.12B,N/A,2,N/A,N/A,,,
CV Advisors,Family Office,Miami,FL,South Florida,cvadvisors.com,Multi-family office,$1.5B+,N/A,2,N/A,N/A,,,
Omnia Family Wealth,Family Office,Miami,FL,South Florida,omniafamilywealth.com,Multi-family office,$1B+,N/A,2,N/A,N/A,,,
Pathstone,Family Office,Boston,MA,Boston/New England,pathstone.com,Multi-family office,$116B+,N/A,1,N/A,40+,40+ investment team,,
Rockefeller Capital Management,Family Office,Boston,MA,Boston/New England,rockco.com,Multi-family office,N/A,N/A,1,N/A,N/A,UHNW families,,
Kensington Investment Company,Family Office,Boston,MA,Boston/New England,kensingtoninvestment.com,Single family office,N/A,N/A,2,N/A,N/A,Lewis family; ESG focus,,
Monument Bay Capital Partners,Family Office,Boston,MA,Boston/New England,monumentbaycapital.com,Family office PE,N/A,N/A,2,N/A,N/A,Boston + Palm Beach,,
Wilmington Trust,Family Office,Wilmington,DE,Delaware,wilmingtontrust.com,Family office services,$150B+,N/A,1,N/A,N/A,,,
Bessemer Trust (Delaware),Family Office,Wilmington,DE,Delaware,bessemertrust.com,Wealth management,$175B+ (firm-wide),N/A,1,N/A,N/A,,,
Westover Capital Advisors,Family Office,Wilmington,DE,Delaware,westovercapitaladvisors.com,Family office solutions,$1B+,N/A,2,N/A,N/A,,,
DUMAC (Duke),Endowment,Durham,NC,Research Triangle,N/A,Endowment management,$12.3B,N/A,1,N/A,N/A,Investment analysts hiring,,
UNC Management Company,Endowment,Chapel Hill,NC,Research Triangle,uncmc.unc.edu,Endowment management,$13B,N/A,1,N/A,N/A,Investment professionals hiring,,
Penn Office of Investments,Endowment,Philadelphia,PA,Philadelphia,upenn.edu/investments,Endowment management,$24.8B,N/A,1,N/A,N/A,"Analysts, Associates hiring",,
Georgetown Investment Office,Endowment,Washington,DC,DC/Mid-Atlantic,N/A,Endowment management,$4B+,N/A,2,N/A,N/A,Investment staff hiring,,
Johns Hopkins Endowment,Endowment,Baltimore,MD,Baltimore,N/A,Endowment management,$8B+,N/A,2,N/A,N/A,Healthcare investment roles,,
UVA Investment Management,Endowment,Charlottesville,VA,DC/Mid-Atlantic,uvimco.org,Endowment management,$14B+,N/A,1,N/A,N/A,Investment professionals hiring,,
Thoma Bravo,Private Equity,Miami,FL,South Florida,thomabravo.com,Software PE,$130B+,N/A,1,N/A,N/A,Moved center of gravity to Miami,,
RedBird Capital Partners,Private Equity,Miami,FL,South Florida,redbirdcap.com,"Sports, media",$10B,N/A,1,N/A,N/A,Opened Miami office,,
Boyne Capital,Private Equity,Miami,FL,South Florida,boynecapital.com,Lower mid-market,$574M,N/A,2,N/A,N/A,,Hires from Florida MBA programs,
Northlane Capital Partners,Private Equity,Bethesda,MD,DC/Mid-Atlantic,northlanecap.com,"Healthcare, business services",~$1.8B,N/A,2,N/A,N/A,Spun out of American Capital,,
Slate Capital Group,Private Equity,Baltimore,MD,Baltimore,slatecap.com,"Business services, distribution",N/A,Lower middle-market,2,N/A,N/A,,,
Quad-C Management,Private Equity,Charlottesville,VA,DC/Mid-Atlantic,quadcmanagement.com,"Business services, consumer",~$3B,N/A,2,N/A,N/A,,UVA alumni network,
Littlejohn & Co.,Private Equity,Greenwich,CT,Connecticut,littlejohnllc.com,Special situations,$8B,N/A,1,N/A,N/A,,,
Great Point Partners,Private Equity,Greenwich,CT,Connecticut,gpplp.com,Healthcare PE,N/A,N/A,2,N/A,N/A,,,
Alvarez & Marsal Capital,Private Equity,Greenwich,CT,Connecticut,alvarezandmarsal.com,Restructuring PE,$3B+,N/A,1,N/A,N/A,Leverages A&M operational consulting,,
ABRY Partners,Private Equity,Boston,MA,Boston/New England,abry.com,"Media, communications",$5.4B,N/A,1,N/A,N/A,,,
NEA (New Enterprise Associates),Venture Capital,Chevy Chase,MD,DC/Mid-Atlantic,nea.com,"Tech, healthcare",~$20B,N/A,1,N/A,N/A,One of world's largest VC,,
Updata Partners,Private Equity,Washington,DC,DC/Mid-Atlantic,updata.com,"Enterprise software, B2B tech",N/A,Growth,2,N/A,N/A,,,
DataTribe,Venture Capital,Fulton,MD,DC/Mid-Atlantic,datatribe.com,Cyber startup studio,N/A,Seed,2,N/A,N/A,Co-founds with former NSA/gov experts,,
Jumpstart Foundry,Venture Capital,Nashville,TN,Nashville,jumpstartfoundry.com,Health tech accelerator,N/A,Micro-VC,2,N/A,N/A,,,
Nashville Capital Network,Venture Capital,Nashville,TN,Nashville,nashvillecapital.com,Angel fund network,N/A,Early-stage,2,N/A,N/A,,,
Titan Advisors,Hedge Fund,Stamford,CT,Connecticut,titanadvisors.com,"Fund-of-funds, emerging manager seeder",~$4B,N/A,2,N/A,N/A,Identifies and backs new hedge fund talent,,
